RPM,MAP,Spark Knock R,Spark Knock F
3767,83,0.00,4.25
3807,83,0.00,4.25
3820,83,0.00,4.25
3868,83,0.00,4.25
4013,73,0.00,4.25
4019,73,0.00,4.25
4044,54,0.00,4.25
3585,79,0.00,4.00
3623,79,0.00,4.00
3662,79,0.00,4.00
3694,80,0.00,4.00
3729,80,0.00,4.00
3889,83,0.00,3.75
3933,83,0.00,3.75
3961,83,0.00,3.75
3818,29,0.00,3.50
3708,24,0.00,3.50
3623,20,0.00,3.50
3830,29,0.00,3.50
3786,24,0.00,3.50
3685,20,0.00,3.50
3518,18,0.00,3.50
3356,18,0.00,3.50
3197,18,0.00,3.50
3039,22,0.00,3.50
3138,52,0.00,3.00
3190,56,0.00,3.00
3104,52,0.00,3.00
3111,53,0.00,3.00
3276,73,0.00,3.00
3294,73,0.00,3.00
3311,72,0.00,3.00
3318,73,0.00,3.00
3338,73,0.00,3.00
3350,73,0.00,3.00
3362,72,0.00,3.00
3371,72,0.00,3.00
3384,71,0.00,3.00
3455,18,0.00,2.75
3260,18,0.00,2.75
3058,33,0.00,2.75
3252,45,0.00,2.75
3214,57,0.00,2.75
3216,54,0.00,2.75
3196,32,0.00,2.75
3196,35,0.00,2.75
3088,41,0.00,2.75
3146,49,0.00,2.75
3387,71,0.00,2.75
3404,70,0.00,2.75
3416,70,0.00,2.75
3422,71,0.00,2.75
3427,71,0.00,2.75
3438,73,0.00,2.75
3163,58,0.00,2.50
3194,58,0.00,2.50
3186,58,0.00,2.50
3199,58,0.00,2.50
3204,58,0.00,2.50
3226,53,0.00,2.50
3234,52,0.00,2.50
3234,51,0.00,2.50
3887,75,0.00,2.50
3901,75,0.00,2.50
3930,74,0.00,2.50
3947,74,0.00,2.50
3969,74,0.00,2.50
3988,73,0.00,2.50
3098,53,0.00,2.50
3104,55,0.00,2.50
3095,58,0.00,2.50
3113,60,0.00,2.50
3109,61,0.00,2.50
3108,60,0.00,2.50
3111,60,0.00,2.50
3109,60,0.00,2.50
3111,60,0.00,2.50
3104,60,0.00,2.50
3446,76,0.00,2.50
3457,78,0.00,2.50
3463,80,0.00,2.50
3475,82,0.00,2.50
3495,83,0.00,2.50
3500,86,0.00,2.50
3107,60,0.00,2.25
3108,60,0.00,2.25
3113,61,0.00,2.25
3519,88,0.00,2.25
3520,88,0.00,2.25
3542,88,0.00,2.25
3556,89,0.00,2.25
3570,89,0.00,2.25
3589,89,0.00,2.25
3594,89,0.00,2.25
3544,79,0.00,2.00
3571,79,0.00,2.00
3592,79,0.00,2.00
3634,78,0.00,2.00
3650,78,0.00,2.00
3691,78,0.00,2.00
3707,77,0.00,2.00
3745,76,0.00,2.00
3765,75,0.00,2.00
3799,75,0.00,2.00
3897,74,0.00,2.00
3920,66,0.00,2.00
1214,51,0.00,2.00
1426,37,0.00,2.00
1503,31,0.00,2.00
1463,28,0.00,2.00
1385,29,0.00,2.00
3359,72,0.00,2.00
3398,73,0.00,2.00
3426,76,0.00,2.00
3452,78,0.00,2.00
3481,80,0.00,2.00
3521,79,0.00,2.00
3531,79,0.00,2.00
3565,79,0.00,2.00
3234,46,0.00,2.00
3234,43,0.00,2.00
3243,42,0.00,2.00
4209,62,0.00,2.00
4242,63,0.00,2.00
4286,64,0.00,2.00
4326,65,0.00,2.00
4370,68,0.00,2.00
4417,67,0.00,2.00
3123,60,0.00,2.00
3129,59,0.00,2.00
3149,59,0.00,2.00
3125,60,0.00,2.00
3124,60,0.00,2.00
3129,60,0.00,2.00
3615,89,0.00,2.00
3631,88,0.00,2.00
3650,89,0.00,2.00
3665,88,0.00,2.00
3682,69,0.00,2.00
3817,75,0.00,1.75
3850,75,0.00,1.75
3867,75,0.00,1.75
3727,25,0.00,1.75
3162,52,0.00,1.75
1358,37,0.00,1.75
1413,29,0.00,1.75
1360,28,0.00,1.75
1331,29,0.00,1.75
1308,30,0.00,1.75
1333,29,0.00,1.75
4166,24,0.00,1.75
4066,21,0.00,1.75
3891,18,0.00,1.75
3717,18,0.00,1.75
3596,18,0.00,1.75
3367,24,0.00,1.75
3166,50,0.00,1.75
3119,60,0.00,1.75
3121,60,0.00,1.75
3127,60,0.00,1.75
3125,60,0.00,1.75
3135,60,0.00,1.75
3127,62,0.00,1.75
3149,62,0.00,1.75
3039,64,0.00,1.75
3664,24,0.00,1.50
3546,19,0.00,1.50
3397,19,0.00,1.50
3288,25,0.00,1.50
3082,45,0.00,1.50
3119,59,0.00,1.50
3145,61,0.00,1.50
3148,63,0.00,1.50
3156,64,0.00,1.50
3159,64,0.00,1.50
3174,64,0.00,1.50
3180,64,0.00,1.50
1293,29,0.00,1.50
1249,30,0.00,1.50
1220,30,0.00,1.50
1200,30,0.00,1.50
1162,32,0.00,1.50
1124,32,0.00,1.50
1126,32,0.00,1.50
3242,41,0.00,1.50
3238,41,0.00,1.50
3232,37,0.00,1.50
3226,34,0.00,1.50
3225,32,0.00,1.50
3229,31,0.00,1.50
3215,32,0.00,1.50
3289,64,0.00,1.50
3256,75,0.00,1.50
3302,80,0.00,1.50
3294,82,0.00,1.50
3331,82,0.00,1.50
3352,82,0.00,1.50
3140,62,0.00,1.50
3141,62,0.00,1.50
3136,62,0.00,1.50
3143,62,0.00,1.50
3144,62,0.00,1.50
3136,62,0.00,1.50
3104,70,0.00,1.50
3100,82,0.00,1.50
3118,86,0.00,1.50
3122,87,0.00,1.50
3137,87,0.00,1.50
3140,87,0.00,1.50
3191,65,0.00,1.25
3197,64,0.00,1.25
3216,65,0.00,1.25
3220,66,0.00,1.25
3230,66,0.00,1.25
3241,67,0.00,1.25
1095,34,0.00,1.25
1113,33,0.00,1.25
1098,34,0.00,1.25
1064,37,0.00,1.25
1088,36,0.00,1.25
1067,36,0.00,1.25
3224,31,0.00,1.25
3208,30,0.00,1.25
3193,30,0.00,1.25
3199,30,0.00,1.25
3177,27,0.00,1.25
3145,22,0.00,1.25
3376,81,0.00,1.25
3408,81,0.00,1.25
3423,81,0.00,1.25
3452,81,0.00,1.25
3480,80,0.00,1.25
3496,80,0.00,1.25
3143,62,0.00,1.25
3134,62,0.00,1.25
3145,62,0.00,1.25
3143,62,0.00,1.25
3146,62,0.00,1.25
3143,62,0.00,1.25
3151,62,0.00,1.25
3144,62,0.00,1.25
3148,62,0.00,1.25
3153,62,0.00,1.25
3159,62,0.00,1.25
3158,62,0.00,1.25
3162,63,0.00,1.25
3421,29,0.00,1.25
3163,87,0.00,1.25
3168,87,0.00,1.25
3189,86,0.00,1.25
3185,87,0.00,1.25
3211,87,0.00,1.25
3200,87,0.00,1.25
3223,87,0.00,1.25
3217,87,0.00,1.25
3231,86,0.00,1.25
3240,86,0.00,1.25
3244,87,0.00,1.25
3251,87,0.00,1.25
3248,80,0.00,1.25
3247,66,0.00,1.00
3259,67,0.00,1.00
3272,66,0.00,1.00
3275,66,0.00,1.00
3294,66,0.00,1.00
3295,66,0.00,1.00
3314,66,0.00,1.00
1068,36,0.00,1.00
1102,34,0.00,1.00
1103,34,0.00,1.00
1098,34,0.00,1.00
1077,34,0.00,1.00
1066,34,0.00,1.00
1083,34,0.00,1.00
3080,21,0.00,1.00
3170,20,0.00,1.00
3134,20,0.00,1.00
3126,20,0.00,1.00
3108,20,0.00,1.00
3092,20,0.00,1.00
3090,20,0.00,1.00
3519,80,0.00,1.00
3545,80,0.00,1.00
3560,79,0.00,1.00
3591,79,0.00,1.00
3605,79,0.00,1.00
3636,78,0.00,1.00
3654,77,0.00,1.00
3171,65,0.00,1.00
3181,69,0.00,1.00
3187,73,0.00,1.00
3207,75,0.00,1.00
3208,75,0.00,1.00
3223,75,0.00,1.00
3223,74,0.00,1.00
3248,74,0.00,1.00
3256,73,0.00,1.00
3269,73,0.00,1.00
3440,25,0.00,1.00
3331,20,0.00,1.00
3204,18,0.00,1.00
3036,19,0.00,1.00
3088,27,0.00,1.00
3182,41,0.00,1.00
3251,74,0.00,1.00
3259,65,0.00,1.00
3253,58,0.00,1.00
3255,54,0.00,1.00
3259,49,0.00,1.00
3318,66,0.00,0.75
3337,65,0.00,0.75
3343,65,0.00,0.75
3358,67,0.00,0.75
3359,67,0.00,0.75
3381,67,0.00,0.75
3378,67,0.00,0.75
3397,66,0.00,0.75
3403,67,0.00,0.75
3414,67,0.00,0.75
3422,66,0.00,0.75
3439,66,0.00,0.75
3451,65,0.00,0.75
1094,33,0.00,0.75
1093,33,0.00,0.75
1083,33,0.00,0.75
1104,33,0.00,0.75
1099,33,0.00,0.75
1099,32,0.00,0.75
3081,20,0.00,0.75
3075,20,0.00,0.75
3064,20,0.00,0.75
3024,20,0.00,0.75
3016,20,0.00,0.75
3056,20,0.00,0.75
2984,20,0.00,0.75
3020,20,0.00,0.75
2994,20,0.00,0.75
2981,21,0.00,0.75
2950,21,0.00,0.75
2978,23,0.00,0.75
3685,78,0.00,0.75
3697,77,0.00,0.75
3735,76,0.00,0.75
3745,76,0.00,0.75
3770,76,0.00,0.75
3789,75,0.00,0.75
1828,53,0.00,0.75
1909,101,0.00,0.75
2494,80,0.00,0.75
1620,87,0.00,0.75
1890,38,0.00,0.75
1103,56,0.00,0.75
1221,59,0.00,0.75
1297,86,0.00,0.75
1067,89,0.00,0.75
1231,72,0.00,0.75
1281,58,0.00,0.75
1349,56,0.00,0.75
1310,56,0.00,0.75
1368,67,0.00,0.75
1682,62,0.00,0.75
1932,60,0.00,0.75
2150,55,0.00,0.75
2265,55,0.00,0.75
2300,55,0.00,0.75
2307,54,0.00,0.75
2286,55,0.00,0.75
2254,56,0.00,0.75
2208,56,0.00,0.75
2174,57,0.00,0.75
2147,57,0.00,0.75
2134,57,0.00,0.75
2126,57,0.00,0.75
2121,58,0.00,0.75
2120,58,0.00,0.75
2115,58,0.00,0.75
2106,58,0.00,0.75
2097,58,0.00,0.75
2080,58,0.00,0.75
2074,58,0.00,0.75
2075,59,0.00,0.75
2080,58,0.00,0.75
2087,58,0.00,0.75
2097,59,0.00,0.75
2108,58,0.00,0.75
2122,60,0.00,0.75
2153,62,0.00,0.75
2196,62,0.00,0.75
2238,62,0.00,0.75
2273,61,0.00,0.75
2294,61,0.00,0.75
2309,61,0.00,0.75
2357,60,0.00,0.75
2456,60,0.00,0.75
2525,62,0.00,0.75
2599,62,0.00,0.75
2673,62,0.00,0.75
2755,62,0.00,0.75
2829,63,0.00,0.75
2931,65,0.00,0.75
3014,66,0.00,0.75
3097,65,0.00,0.75
3186,63,0.00,0.75
3244,62,0.00,0.75
3333,61,0.00,0.75
3419,59,0.00,0.75
3463,58,0.00,0.75
2432,56,0.00,0.75
2500,58,0.00,0.75
2500,60,0.00,0.75
2547,60,0.00,0.75
2571,60,0.00,0.75
2598,59,0.00,0.75
2630,60,0.00,0.75
2656,60,0.00,0.75
2683,60,0.00,0.75
2717,59,0.00,0.75
2744,59,0.00,0.75
2777,58,0.00,0.75
2796,59,0.00,0.75
2829,58,0.00,0.75
2849,58,0.00,0.75
2887,58,0.00,0.75
2910,58,0.00,0.75
2938,57,0.00,0.75
2967,57,0.00,0.75
3000,58,0.00,0.75
3028,59,0.00,0.75
3056,60,0.00,0.75
3096,60,0.00,0.75
3122,60,0.00,0.75
3163,59,0.00,0.75
3190,60,0.00,0.75
3235,60,0.00,0.75
3264,60,0.00,0.75
3307,60,0.00,0.75
3336,60,0.00,0.75
3380,59,0.00,0.75
3410,58,0.00,0.75
3443,58,0.00,0.75
3477,58,0.00,0.75
3523,59,0.00,0.75
3556,61,0.00,0.75
3595,61,0.00,0.75
3637,61,0.00,0.75
3675,62,0.00,0.75
3711,62,0.00,0.75
3745,46,0.00,0.75
2760,52,0.00,0.75
2755,60,0.00,0.75
2774,63,0.00,0.75
2781,64,0.00,0.75
2801,64,0.00,0.75
2812,64,0.00,0.75
2830,64,0.00,0.75
2844,64,0.00,0.75
2865,63,0.00,0.75
2871,64,0.00,0.75
2901,64,0.00,0.75
2907,63,0.00,0.75
2932,63,0.00,0.75
2943,63,0.00,0.75
2965,63,0.00,0.75
2981,64,0.00,0.75
2999,65,0.00,0.75
3019,65,0.00,0.75
3036,64,0.00,0.75
3051,64,0.00,0.75
3072,64,0.00,0.75
3083,63,0.00,0.75
3098,63,0.00,0.75
3118,63,0.00,0.75
3142,62,0.00,0.75
3131,63,0.00,0.75
3185,62,0.00,0.75
3187,63,0.00,0.75
3200,63,0.00,0.75
3227,62,0.00,0.75
3243,62,0.00,0.75
3254,63,0.00,0.75
3269,62,0.00,0.75
3293,62,0.00,0.75
3317,61,0.00,0.75
3322,62,0.00,0.75
3347,61,0.00,0.75
3366,61,0.00,0.75
3377,60,0.00,0.75
3403,60,0.00,0.75
3410,59,0.00,0.75
3434,59,0.00,0.75
3453,59,0.00,0.75
3478,58,0.00,0.75
3487,59,0.00,0.75
3507,59,0.00,0.75
3514,58,0.00,0.75
3551,58,0.00,0.75
3555,58,0.00,0.75
2806,51,0.00,0.75
2798,52,0.00,0.75
2802,53,0.00,0.75
2823,58,0.00,0.75
2822,60,0.00,0.75
2837,61,0.00,0.75
2854,60,0.00,0.75
2851,60,0.00,0.75
2869,60,0.00,0.75
2864,60,0.00,0.75
2884,60,0.00,0.75
2879,60,0.00,0.75
2890,60,0.00,0.75
2894,60,0.00,0.75
2904,60,0.00,0.75
2914,60,0.00,0.75
2917,60,0.00,0.75
2925,59,0.00,0.75
2944,59,0.00,0.75
2944,59,0.00,0.75
2942,59,0.00,0.75
2978,59,0.00,0.75
2960,59,0.00,0.75
2971,59,0.00,0.75
2980,60,0.00,0.75
2991,60,0.00,0.75
2999,59,0.00,0.75
3009,60,0.00,0.75
3017,59,0.00,0.75
3019,59,0.00,0.75
3030,60,0.00,0.75
3041,59,0.00,0.75
3050,59,0.00,0.75
3058,59,0.00,0.75
3069,59,0.00,0.75
3074,59,0.00,0.75
3082,59,0.00,0.75
3101,59,0.00,0.75
3104,59,0.00,0.75
3111,59,0.00,0.75
3120,59,0.00,0.75
3138,58,0.00,0.75
3140,58,0.00,0.75
3151,58,0.00,0.75
3164,58,0.00,0.75
3176,58,0.00,0.75
3186,57,0.00,0.75
3190,57,0.00,0.75
3201,57,0.00,0.75
3204,56,0.00,0.75
3213,56,0.00,0.75
3213,57,0.00,0.75
3225,56,0.00,0.75
3233,56,0.00,0.75
3253,56,0.00,0.75
3253,56,0.00,0.75
3276,56,0.00,0.75
3286,56,0.00,0.75
3285,56,0.00,0.75
3305,56,0.00,0.75
3316,55,0.00,0.75
3322,55,0.00,0.75
3322,55,0.00,0.75
3341,55,0.00,0.75
3356,55,0.00,0.75
3354,55,0.00,0.75
3361,54,0.00,0.75
3384,52,0.00,0.75
3441,51,0.00,0.75
3375,52,0.00,0.75
3405,51,0.00,0.75
3405,52,0.00,0.75
3430,51,0.00,0.75
3432,51,0.00,0.75
3431,52,0.00,0.75
3452,53,0.00,0.75
3452,53,0.00,0.75
3468,52,0.00,0.75
3467,52,0.00,0.75
3479,52,0.00,0.75
3492,52,0.00,0.75
3510,54,0.00,0.75
3516,56,0.00,0.75
2948,55,0.00,0.75
2937,58,0.00,0.75
2955,60,0.00,0.75
2953,61,0.00,0.75
2962,61,0.00,0.75
2969,62,0.00,0.75
2976,62,0.00,0.75
2972,62,0.00,0.75
2979,62,0.00,0.75
2984,62,0.00,0.75
2988,62,0.00,0.75
3000,61,0.00,0.75
2997,62,0.00,0.75
3022,61,0.00,0.75
3027,61,0.00,0.75
3030,61,0.00,0.75
3036,61,0.00,0.75
3042,61,0.00,0.75
3042,61,0.00,0.75
3050,61,0.00,0.75
3059,61,0.00,0.75
3068,61,0.00,0.75
3074,61,0.00,0.75
3081,61,0.00,0.75
3080,60,0.00,0.75
3076,62,0.00,0.75
3077,63,0.00,0.75
3082,63,0.00,0.75
3086,63,0.00,0.75
3095,66,0.00,0.75
3102,67,0.00,0.75
3106,67,0.00,0.75
3119,67,0.00,0.75
3119,66,0.00,0.75
3127,67,0.00,0.75
3132,66,0.00,0.75
3134,66,0.00,0.75
3145,66,0.00,0.75
3150,66,0.00,0.75
3148,68,0.00,0.75
3155,68,0.00,0.75
3169,68,0.00,0.75
3169,68,0.00,0.75
3179,68,0.00,0.75
3185,68,0.00,0.75
3186,68,0.00,0.75
3194,67,0.00,0.75
3196,68,0.00,0.75
3206,68,0.00,0.75
3212,68,0.00,0.75
3226,67,0.00,0.75
3223,67,0.00,0.75
3226,67,0.00,0.75
3231,67,0.00,0.75
3242,67,0.00,0.75
3242,67,0.00,0.75
3252,67,0.00,0.75
3253,66,0.00,0.75
3258,67,0.00,0.75
3265,66,0.00,0.75
3267,66,0.00,0.75
3269,66,0.00,0.75
3274,66,0.00,0.75
3268,67,0.00,0.75
3266,66,0.00,0.75
3293,66,0.00,0.75
3280,66,0.00,0.75
3280,67,0.00,0.75
3284,66,0.00,0.75
3297,67,0.00,0.75
3288,67,0.00,0.75
3293,68,0.00,0.75
3289,66,0.00,0.75
3300,67,0.00,0.75
3299,68,0.00,0.75
3309,67,0.00,0.75
3305,67,0.00,0.75
3315,66,0.00,0.75
3319,67,0.00,0.75
3321,66,0.00,0.75
3323,66,0.00,0.75
3316,67,0.00,0.75
3326,67,0.00,0.75
3338,66,0.00,0.75
3320,67,0.00,0.75
3332,66,0.00,0.75
3333,66,0.00,0.75
3328,67,0.00,0.75
3346,67,0.00,0.75
3323,67,0.00,0.75
3346,66,0.00,0.75
3331,68,0.00,0.75
3340,67,0.00,0.75
3336,67,0.00,0.75
3342,67,0.00,0.75
3338,68,0.00,0.75
3343,67,0.00,0.75
3336,68,0.00,0.75
3334,67,0.00,0.75
3336,68,0.00,0.75
3336,68,0.00,0.75
3333,68,0.00,0.75
3331,68,0.00,0.75
3333,68,0.00,0.75
3330,68,0.00,0.75
3336,68,0.00,0.75
3336,68,0.00,0.75
3341,68,0.00,0.75
3338,68,0.00,0.75
3336,69,0.00,0.75
3344,68,0.00,0.75
3345,68,0.00,0.75
3346,67,0.00,0.75
3352,67,0.00,0.75
3354,68,0.00,0.75
3359,68,0.00,0.75
3361,68,0.00,0.75
3359,67,0.00,0.75
3367,68,0.00,0.75
3364,68,0.00,0.75
3372,68,0.00,0.75
3374,67,0.00,0.75
3373,67,0.00,0.75
3379,67,0.00,0.75
3380,66,0.00,0.75
3380,67,0.00,0.75
3390,67,0.00,0.75
3387,66,0.00,0.75
3392,67,0.00,0.75
3392,67,0.00,0.75
3400,66,0.00,0.75
3403,66,0.00,0.75
3408,66,0.00,0.75
3408,66,0.00,0.75
3415,66,0.00,0.75
3413,66,0.00,0.75
3414,66,0.00,0.75
3423,66,0.00,0.75
3416,66,0.00,0.75
3437,66,0.00,0.75
3419,67,0.00,0.75
3430,66,0.00,0.75
3427,66,0.00,0.75
3430,66,0.00,0.75
3436,67,0.00,0.75
3436,67,0.00,0.75
3442,69,0.00,0.75
3443,70,0.00,0.75
3447,69,0.00,0.75
3446,70,0.00,0.75
3451,70,0.00,0.75
3453,70,0.00,0.75
3458,69,0.00,0.75
3461,70,0.00,0.75
3466,72,0.00,0.75
3470,72,0.00,0.75
3473,72,0.00,0.75
3477,72,0.00,0.75
3481,72,0.00,0.75
3487,72,0.00,0.75
3485,72,0.00,0.75
3500,73,0.00,0.75
3494,71,0.00,0.75
3513,73,0.00,0.75
3505,72,0.00,0.75
3523,75,0.00,0.75
3517,75,0.00,0.75
3526,75,0.00,0.75
3529,75,0.00,0.75
3534,75,0.00,0.75
3547,75,0.00,0.75
3547,75,0.00,0.75
3563,75,0.00,0.75
3564,77,0.00,0.75
3574,77,0.00,0.75
3580,77,0.00,0.75
3591,78,0.00,0.75
3601,78,0.00,0.75
3610,78,0.00,0.75
3622,78,0.00,0.75
3623,77,0.00,0.75
3641,77,0.00,0.75
3649,77,0.00,0.75
3663,78,0.00,0.75
3681,77,0.00,0.75
2963,52,0.00,0.75
2934,54,0.00,0.75
2940,55,0.00,0.75
2936,55,0.00,0.75
2926,56,0.00,0.75
2924,55,0.00,0.75
2916,56,0.00,0.75
2905,57,0.00,0.75
2910,57,0.00,0.75
2913,57,0.00,0.75
2901,58,0.00,0.75
2895,57,0.00,0.75
2895,57,0.00,0.75
2888,58,0.00,0.75
2890,57,0.00,0.75
2879,58,0.00,0.75
2876,58,0.00,0.75
2874,58,0.00,0.75
2867,58,0.00,0.75
2863,58,0.00,0.75
2861,59,0.00,0.75
2863,61,0.00,0.75
2863,62,0.00,0.75
2862,67,0.00,0.75
2861,70,0.00,0.75
2857,72,0.00,0.75
2862,72,0.00,0.75
2855,74,0.00,0.75
2862,73,0.00,0.75
2852,75,0.00,0.75
2858,76,0.00,0.75
2853,77,0.00,0.75
2849,77,0.00,0.75
2857,77,0.00,0.75
2859,77,0.00,0.75
2861,79,0.00,0.75
2861,79,0.00,0.75
2857,81,0.00,0.75
2865,81,0.00,0.75
2868,81,0.00,0.75
2869,82,0.00,0.75
2873,84,0.00,0.75
2870,84,0.00,0.75
2877,85,0.00,0.75
2880,85,0.00,0.75
2882,84,0.00,0.75
2888,84,0.00,0.75
2884,85,0.00,0.75
2878,85,0.00,0.75
2896,84,0.00,0.75
2884,84,0.00,0.75
2895,84,0.00,0.75
2893,84,0.00,0.75
2892,84,0.00,0.75
2897,84,0.00,0.75
2901,84,0.00,0.75
2901,84,0.00,0.75
2904,84,0.00,0.75
2907,84,0.00,0.75
2907,84,0.00,0.75
2920,83,0.00,0.75
2910,85,0.00,0.75
2933,87,0.00,0.75
2932,89,0.00,0.75
2939,90,0.00,0.75
2944,91,0.00,0.75
2957,93,0.00,0.75
2959,95,0.00,0.75
2970,97,0.00,0.75
2968,98,0.00,0.75
2980,98,0.00,0.75
2994,98,0.00,0.75
2997,98,0.00,0.75
3020,99,0.00,0.75
2997,99,0.00,0.75
3011,99,0.00,0.75
3028,99,0.00,0.75
3023,99,0.00,0.75
3037,99,0.00,0.75
3043,99,0.00,0.75
3059,99,0.00,0.75
3056,99,0.00,0.75
3077,99,0.00,0.75
3075,99,0.00,0.75
3093,99,0.00,0.75
3104,99,0.00,0.75
3105,99,0.00,0.75
3121,98,0.00,0.75
3116,97,0.00,0.75
3138,96,0.00,0.75
3126,92,0.00,0.75
3142,88,0.00,0.75
3134,86,0.00,0.75
3120,68,0.00,0.75
3112,53,0.00,0.75
3120,53,0.00,0.75
3121,52,0.00,0.75
1780,70,0.00,0.75
1722,90,0.00,0.75
1498,60,0.00,0.75
1423,83,0.00,0.75
1521,29,0.00,0.75
1029,73,0.00,0.75
1038,79,0.00,0.75
1049,76,0.00,0.75
1058,93,0.00,0.75
1240,79,0.00,0.75
1180,74,0.00,0.75
1286,41,0.00,0.75
1294,48,0.00,0.75
1200,54,0.00,0.75
1195,53,0.00,0.75
1323,52,0.00,0.75
1445,54,0.00,0.75
1562,52,0.00,0.75
1694,52,0.00,0.75
1706,53,0.00,0.75
1728,53,0.00,0.75
1758,52,0.00,0.75
1771,51,0.00,0.75
1795,51,0.00,0.75
1811,50,0.00,0.75
1828,50,0.00,0.75
1854,51,0.00,0.75
1883,52,0.00,0.75
1914,54,0.00,0.75
1958,55,0.00,0.75
2006,55,0.00,0.75
2032,55,0.00,0.75
2037,55,0.00,0.75
2048,55,0.00,0.75
2093,54,0.00,0.75
2172,52,0.00,0.75
2226,52,0.00,0.75
2259,52,0.00,0.75
2329,51,0.00,0.75
2449,53,0.00,0.75
2493,55,0.00,0.75
2548,56,0.00,0.75
2603,56,0.00,0.75
2675,55,0.00,0.75
2740,55,0.00,0.75
2787,53,0.00,0.75
2845,53,0.00,0.75
2929,52,0.00,0.75
3455,66,0.00,0.50
3473,65,0.00,0.50
3472,66,0.00,0.50
3496,66,0.00,0.50
3495,66,0.00,0.50
3514,66,0.00,0.50
3526,69,0.00,0.50
3540,70,0.00,0.50
3548,70,0.00,0.50
3566,70,0.00,0.50
3571,69,0.00,0.50
3581,70,0.00,0.50
3594,43,0.00,0.50
1093,32,0.00,0.50
1059,34,0.00,0.50
1047,34,0.00,0.50
1056,34,0.00,0.50
1065,34,0.00,0.50
1052,40,0.00,0.50
1120,41,0.00,0.50
1189,35,0.00,0.50
1180,33,0.00,0.50
1160,32,0.00,0.50
1153,31,0.00,0.50
1141,32,0.00,0.50
2957,25,0.00,0.50
2957,26,0.00,0.50
2973,26,0.00,0.50
2978,27,0.00,0.50
2962,27,0.00,0.50
2906,27,0.00,0.50
2920,27,0.00,0.50
2945,27,0.00,0.50
2948,26,0.00,0.50
2895,27,0.00,0.50
2886,27,0.00,0.50
2914,27,0.00,0.50
2904,27,0.00,0.50
993,58,0.00,0.50
1128,56,0.00,0.50
1258,52,0.00,0.50
1289,59,0.00,0.50
1303,63,0.00,0.50
1148,66,0.00,0.50
1135,90,0.00,0.50
1308,85,0.00,0.50
1384,82,0.00,0.50
1420,57,0.00,0.50
1508,52,0.00,0.50
2671,51,0.00,0.50
2738,52,0.00,0.50
2787,51,0.00,0.50
2856,50,0.00,0.50
2908,50,0.00,0.50
3027,51,0.00,0.50
3085,51,0.00,0.50
3135,53,0.00,0.50
3220,54,0.00,0.50
3274,54,0.00,0.50
3344,54,0.00,0.50
3412,55,0.00,0.50
3495,57,0.00,0.50
2661,51,0.00,0.50
2704,52,0.00,0.50
2718,53,0.00,0.50
2756,53,0.00,0.50
2788,52,0.00,0.50
2819,52,0.00,0.50
2836,52,0.00,0.50
2880,52,0.00,0.50
2901,51,0.00,0.50
2940,50,0.00,0.50
2965,52,0.00,0.50
2996,51,0.00,0.50
3027,51,0.00,0.50
3052,51,0.00,0.50
3084,51,0.00,0.50
3115,52,0.00,0.50
3152,51,0.00,0.50
3176,50,0.00,0.50
3236,50,0.00,0.50
3508,51,0.00,0.50
3533,43,0.00,0.50
2666,52,0.00,0.50
2681,53,0.00,0.50
2691,53,0.00,0.50
2706,53,0.00,0.50
2722,53,0.00,0.50
2738,53,0.00,0.50
2746,53,0.00,0.50
2762,52,0.00,0.50
2777,53,0.00,0.50
2794,52,0.00,0.50
2800,52,0.00,0.50
2820,52,0.00,0.50
2825,52,0.00,0.50
2836,52,0.00,0.50
2858,52,0.00,0.50
2863,51,0.00,0.50
2885,52,0.00,0.50
2893,51,0.00,0.50
2904,51,0.00,0.50
2914,51,0.00,0.50
2934,50,0.00,0.50
2937,51,0.00,0.50
2955,50,0.00,0.50
3076,52,0.00,0.50
3088,53,0.00,0.50
3113,55,0.00,0.50
3119,57,0.00,0.50
3143,59,0.00,0.50
3176,60,0.00,0.50
3165,60,0.00,0.50
3201,60,0.00,0.50
3214,60,0.00,0.50
3233,59,0.00,0.50
3257,59,0.00,0.50
3270,59,0.00,0.50
3290,59,0.00,0.50
3309,59,0.00,0.50
3330,58,0.00,0.50
3345,58,0.00,0.50
3364,58,0.00,0.50
3385,58,0.00,0.50
3426,62,0.00,0.50
3449,67,0.00,0.50
3449,68,0.00,0.50
3473,69,0.00,0.50
3538,69,0.00,0.50
3541,75,0.00,0.50
2805,53,0.00,0.50
2796,57,0.00,0.50
2806,57,0.00,0.50
2815,57,0.00,0.50
2821,58,0.00,0.50
2824,57,0.00,0.50
3284,52,0.00,0.50
3303,55,0.00,0.50
3318,56,0.00,0.50
3332,56,0.00,0.50
3356,56,0.00,0.50
3382,58,0.00,0.50
3397,59,0.00,0.50
3418,60,0.00,0.50
3445,62,0.00,0.50
3456,62,0.00,0.50
3480,61,0.00,0.50
3496,61,0.00,0.50
3520,63,0.00,0.50
3538,63,0.00,0.50
3560,63,0.00,0.50
3589,63,0.00,0.50
3595,62,0.00,0.50
3627,63,0.00,0.50
3643,62,0.00,0.50
3672,62,0.00,0.50
3688,62,0.00,0.50
3714,63,0.00,0.50
3742,65,0.00,0.50
3764,65,0.00,0.50
3782,65,0.00,0.50
3811,65,0.00,0.50
1212,51,0.00,0.50
1235,53,0.00,0.50
1278,55,0.00,0.50
1328,53,0.00,0.50
1374,53,0.00,0.50
1376,54,0.00,0.50
1371,54,0.00,0.50
1361,55,0.00,0.50
1348,55,0.00,0.50
1324,56,0.00,0.50
1322,59,0.00,0.50
1346,64,0.00,0.50
1378,65,0.00,0.50
1454,66,0.00,0.50
1532,66,0.00,0.50
1611,63,0.00,0.50
1676,62,0.00,0.50
1738,61,0.00,0.50
1789,58,0.00,0.50
1835,58,0.00,0.50
1868,56,0.00,0.50
1884,56,0.00,0.50
1883,56,0.00,0.50
1892,55,0.00,0.50
1897,55,0.00,0.50
1900,55,0.00,0.50
1900,55,0.00,0.50
1899,55,0.00,0.50
1907,55,0.00,0.50
1912,55,0.00,0.50
1922,54,0.00,0.50
1916,50,0.00,0.50
2923,52,0.00,0.50
2963,52,0.00,0.50
3020,52,0.00,0.50
3075,55,0.00,0.50
3157,58,0.00,0.50
3202,60,0.00,0.50
3279,59,0.00,0.50
3341,58,0.00,0.50
3420,56,0.00,0.50
3486,56,0.00,0.50
1438,73,0.00,0.50
1398,89,0.00,0.50
2027,51,0.00,0.50
2092,56,0.00,0.50
2132,56,0.00,0.50
2171,56,0.00,0.50
2241,56,0.00,0.50
2296,56,0.00,0.50
2338,55,0.00,0.50
2384,55,0.00,0.50
2434,54,0.00,0.50
2483,53,0.00,0.50
2540,53,0.00,0.50
2574,53,0.00,0.50
2626,52,0.00,0.50
2666,52,0.00,0.50
2701,52,0.00,0.50
2769,51,0.00,0.50
2896,51,0.00,0.50
2945,50,0.00,0.50
3112,53,0.00,0.50
3160,56,0.00,0.50
3201,57,0.00,0.50
3262,56,0.00,0.50
3329,56,0.00,0.50
3388,55,0.00,0.50
3450,56,0.00,0.50
3529,56,0.00,0.50
2457,51,0.00,0.50
2477,52,0.00,0.50
2493,54,0.00,0.50
2516,55,0.00,0.50
2550,55,0.00,0.50
2568,58,0.00,0.50
2587,58,0.00,0.50
2612,58,0.00,0.50
2630,58,0.00,0.50
2656,58,0.00,0.50
2682,57,0.00,0.50
2710,57,0.00,0.50
2745,56,0.00,0.50
2769,56,0.00,0.50
2790,55,0.00,0.50
2841,55,0.00,0.50
2842,54,0.00,0.50
2870,54,0.00,0.50
2874,54,0.00,0.50
2906,55,0.00,0.50
2936,53,0.00,0.50
2962,52,0.00,0.50
2963,53,0.00,0.50
2997,52,0.00,0.50
3002,52,0.00,0.50
3026,52,0.00,0.50
3050,52,0.00,0.50
3075,51,0.00,0.50
3088,51,0.00,0.50
3106,52,0.00,0.50
3123,51,0.00,0.50
3174,51,0.00,0.50
3191,52,0.00,0.50
3209,53,0.00,0.50
3233,53,0.00,0.50
3258,53,0.00,0.50
3281,52,0.00,0.50
3301,53,0.00,0.50
3334,54,0.00,0.50
3360,56,0.00,0.50
3386,56,0.00,0.50
3407,56,0.00,0.50
3453,56,0.00,0.50
3468,55,0.00,0.50
3489,55,0.00,0.50
2250,53,0.00,0.50
2264,54,0.00,0.50
2265,54,0.00,0.50
2283,55,0.00,0.50
2287,55,0.00,0.50
2297,55,0.00,0.50
2289,58,0.00,0.50
2324,58,0.00,0.50
2324,58,0.00,0.50
2334,59,0.00,0.50
2337,60,0.00,0.50
2357,60,0.00,0.50
2368,60,0.00,0.50
2375,59,0.00,0.50
2390,59,0.00,0.50
2394,59,0.00,0.50
2410,59,0.00,0.50
2420,59,0.00,0.50
2430,59,0.00,0.50
2441,59,0.00,0.50
2455,59,0.00,0.50
2461,60,0.00,0.50
2478,59,0.00,0.50
2481,60,0.00,0.50
2497,59,0.00,0.50
2507,59,0.00,0.50
2520,59,0.00,0.50
2527,59,0.00,0.50
2543,59,0.00,0.50
2544,58,0.00,0.50
2564,58,0.00,0.50
2567,58,0.00,0.50
2578,58,0.00,0.50
2594,56,0.00,0.50
2592,54,0.00,0.50
2605,53,0.00,0.50
2605,53,0.00,0.50
2627,53,0.00,0.50
2626,53,0.00,0.50
2642,53,0.00,0.50
2647,53,0.00,0.50
2651,53,0.00,0.50
2662,53,0.00,0.50
2674,52,0.00,0.50
2678,53,0.00,0.50
2685,52,0.00,0.50
2689,52,0.00,0.50
2699,52,0.00,0.50
2704,52,0.00,0.50
2721,52,0.00,0.50
2715,52,0.00,0.50
2736,52,0.00,0.50
2736,52,0.00,0.50
2748,52,0.00,0.50
2751,52,0.00,0.50
2759,52,0.00,0.50
2769,51,0.00,0.50
2779,51,0.00,0.50
2786,51,0.00,0.50
2790,51,0.00,0.50
2800,51,0.00,0.50
2815,51,0.00,0.50
2818,51,0.00,0.50
2826,51,0.00,0.50
2859,53,0.00,0.50
2865,55,0.00,0.50
2875,55,0.00,0.50
2887,56,0.00,0.50
2889,55,0.00,0.50
2905,55,0.00,0.50
2921,55,0.00,0.50
2918,55,0.00,0.50
2942,55,0.00,0.50
2949,56,0.00,0.50
2961,56,0.00,0.50
2966,56,0.00,0.50
2984,56,0.00,0.50
2980,57,0.00,0.50
2995,58,0.00,0.50
3001,58,0.00,0.50
3018,57,0.00,0.50
3033,57,0.00,0.50
3043,58,0.00,0.50
3052,58,0.00,0.50
3068,58,0.00,0.50
3080,58,0.00,0.50
3095,58,0.00,0.50
3102,58,0.00,0.50
3119,59,0.00,0.50
3135,60,0.00,0.50
3142,61,0.00,0.50
3152,61,0.00,0.50
3172,60,0.00,0.50
3189,60,0.00,0.50
3202,60,0.00,0.50
3218,60,0.00,0.50
3232,61,0.00,0.50
3245,61,0.00,0.50
3262,61,0.00,0.50
3278,61,0.00,0.50
3293,60,0.00,0.50
3313,60,0.00,0.50
3330,60,0.00,0.50
3345,61,0.00,0.50
3367,60,0.00,0.50
3379,60,0.00,0.50
3402,60,0.00,0.50
3423,63,0.00,0.50
3442,63,0.00,0.50
3455,63,0.00,0.50
3483,63,0.00,0.50
3500,63,0.00,0.50
3513,45,0.00,0.50
2820,56,0.00,0.50
2797,58,0.00,0.50
2812,58,0.00,0.50
2824,59,0.00,0.50
2827,64,0.00,0.50
2839,66,0.00,0.50
2846,66,0.00,0.50
2861,66,0.00,0.50
2863,66,0.00,0.50
2879,65,0.00,0.50
2883,66,0.00,0.50
2896,65,0.00,0.50
2908,65,0.00,0.50
2916,66,0.00,0.50
2915,66,0.00,0.50
2927,64,0.00,0.50
2928,58,0.00,0.50
2946,58,0.00,0.50
2941,58,0.00,0.50
2952,58,0.00,0.50
2964,58,0.00,0.50
2969,58,0.00,0.50
2973,57,0.00,0.50
2984,57,0.00,0.50
2985,57,0.00,0.50
2989,57,0.00,0.50
2997,58,0.00,0.50
3001,58,0.00,0.50
3007,58,0.00,0.50
3018,57,0.00,0.50
3019,56,0.00,0.50
3028,56,0.00,0.50
3037,55,0.00,0.50
3037,53,0.00,0.50
3032,54,0.00,0.50
3050,52,0.00,0.50
3093,50,0.00,0.50
3123,52,0.00,0.50
3145,53,0.00,0.50
3149,53,0.00,0.50
3160,55,0.00,0.50
3170,55,0.00,0.50
3179,55,0.00,0.50
3180,55,0.00,0.50
3206,57,0.00,0.50
3212,59,0.00,0.50
3240,62,0.00,0.50
3235,63,0.00,0.50
3257,63,0.00,0.50
3267,63,0.00,0.50
3285,63,0.00,0.50
3295,63,0.00,0.50
3318,65,0.00,0.50
3330,65,0.00,0.50
3343,66,0.00,0.50
3356,65,0.00,0.50
3370,65,0.00,0.50
3382,64,0.00,0.50
3415,65,0.00,0.50
3495,65,0.00,0.50
3390,67,0.00,0.50
3465,66,0.00,0.50
3461,66,0.00,0.50
3482,66,0.00,0.50
3500,66,0.00,0.50
3512,66,0.00,0.50
3539,65,0.00,0.50
3554,65,0.00,0.50
3566,65,0.00,0.50
3581,64,0.00,0.50
3600,64,0.00,0.50
3615,64,0.00,0.50
3629,64,0.00,0.50
3642,64,0.00,0.50
3667,63,0.00,0.50
3678,68,0.00,0.50
3700,70,0.00,0.50
3719,70,0.00,0.50
3729,70,0.00,0.50
3754,66,0.00,0.50
3104,56,0.00,0.50
3186,61,0.00,0.50
3166,68,0.00,0.50
3192,69,0.00,0.50
3194,73,0.00,0.50
3214,74,0.00,0.50
3224,74,0.00,0.50
3233,75,0.00,0.50
3252,74,0.00,0.50
3260,74,0.00,0.50
3274,75,0.00,0.50
3288,75,0.00,0.50
3298,74,0.00,0.50
3311,74,0.00,0.50
3322,74,0.00,0.50
3335,74,0.00,0.50
3349,74,0.00,0.50
3361,73,0.00,0.50
3374,73,0.00,0.50
3389,72,0.00,0.50
3392,72,0.00,0.50
3407,72,0.00,0.50
3417,70,0.00,0.50
3425,66,0.00,0.50
3437,66,0.00,0.50
3435,66,0.00,0.50
3448,66,0.00,0.50
3459,66,0.00,0.50
3460,66,0.00,0.50
3471,66,0.00,0.50
3483,66,0.00,0.50
3485,65,0.00,0.50
3498,65,0.00,0.50
3505,65,0.00,0.50
3512,65,0.00,0.50
3523,64,0.00,0.50
3531,64,0.00,0.50
3540,64,0.00,0.50
3548,64,0.00,0.50
3553,64,0.00,0.50
3565,64,0.00,0.50
3571,64,0.00,0.50
3576,64,0.00,0.50
3589,64,0.00,0.50
3586,64,0.00,0.50
3595,64,0.00,0.50
3604,64,0.00,0.50
3610,63,0.00,0.50
3613,64,0.00,0.50
3619,64,0.00,0.50
3628,64,0.00,0.50
3628,63,0.00,0.50
2916,49,0.00,0.50
3000,56,0.00,0.50
2981,62,0.00,0.50
2977,66,0.00,0.50
2980,70,0.00,0.50
2982,70,0.00,0.50
2983,70,0.00,0.50
2982,71,0.00,0.50
2984,71,0.00,0.50
2986,71,0.00,0.50
2987,71,0.00,0.50
2992,72,0.00,0.50
2996,71,0.00,0.50
3000,71,0.00,0.50
2998,71,0.00,0.50
3006,71,0.00,0.50
3008,72,0.00,0.50
3008,72,0.00,0.50
3012,73,0.00,0.50
3021,73,0.00,0.50
3020,73,0.00,0.50
3026,73,0.00,0.50
3027,72,0.00,0.50
3028,72,0.00,0.50
3033,73,0.00,0.50
3044,72,0.00,0.50
3041,72,0.00,0.50
3045,72,0.00,0.50
3051,72,0.00,0.50
3056,72,0.00,0.50
3059,72,0.00,0.50
3057,72,0.00,0.50
3063,72,0.00,0.50
3068,72,0.00,0.50
3069,72,0.00,0.50
3069,71,0.00,0.50
3069,68,0.00,0.50
3077,67,0.00,0.50
3090,67,0.00,0.50
3074,67,0.00,0.50
3077,66,0.00,0.50
3082,66,0.00,0.50
3084,66,0.00,0.50
3084,64,0.00,0.50
3084,60,0.00,0.50
3090,59,0.00,0.50
3080,60,0.00,0.50
3084,56,0.00,0.50
3086,56,0.00,0.50
3082,55,0.00,0.50
3084,56,0.00,0.50
3087,56,0.00,0.50
3086,55,0.00,0.50
3079,56,0.00,0.50
3088,55,0.00,0.50
3084,56,0.00,0.50
3085,56,0.00,0.50
3087,56,0.00,0.50
3083,55,0.00,0.50
3091,55,0.00,0.50
3091,55,0.00,0.50
3089,56,0.00,0.50
3092,56,0.00,0.50
3092,55,0.00,0.50
3089,56,0.00,0.50
3089,56,0.00,0.50
3088,56,0.00,0.50
3081,52,0.00,0.50
3091,52,0.00,0.50
3094,52,0.00,0.50
3091,51,0.00,0.50
3092,52,0.00,0.50
3095,51,0.00,0.50
3106,51,0.00,0.50
3095,51,0.00,0.50
3098,50,0.00,0.50
3095,50,0.00,0.50
3099,51,0.00,0.50
3098,50,0.00,0.50
3095,51,0.00,0.50
3105,50,0.00,0.50
3108,51,0.00,0.50
3359,51,0.00,0.50
3360,52,0.00,0.50
3363,52,0.00,0.50
3366,52,0.00,0.50
3368,53,0.00,0.50
3370,53,0.00,0.50
3385,53,0.00,0.50
3386,54,0.00,0.50
3389,56,0.00,0.50
3407,56,0.00,0.50
3397,56,0.00,0.50
3406,55,0.00,0.50
3409,55,0.00,0.50
3416,54,0.00,0.50
3419,54,0.00,0.50
3431,54,0.00,0.50
3425,54,0.00,0.50
3434,54,0.00,0.50
3440,54,0.00,0.50
3442,54,0.00,0.50
3449,54,0.00,0.50
3454,55,0.00,0.50
3457,55,0.00,0.50
3469,56,0.00,0.50
3471,56,0.00,0.50
3484,58,0.00,0.50
3491,59,0.00,0.50
3492,59,0.00,0.50
3501,59,0.00,0.50
3505,60,0.00,0.50
3512,60,0.00,0.50
3522,61,0.00,0.50
3526,62,0.00,0.50
3537,61,0.00,0.50
3548,62,0.00,0.50
3548,62,0.00,0.50
3563,61,0.00,0.50
3565,61,0.00,0.50
3574,61,0.00,0.50
3582,61,0.00,0.50
3585,60,0.00,0.50
3593,62,0.00,0.50
3600,62,0.00,0.50
3609,63,0.00,0.50
3614,63,0.00,0.50
3617,63,0.00,0.50
3627,63,0.00,0.50
3626,63,0.00,0.50
3637,63,0.00,0.50
3642,63,0.00,0.50
3648,63,0.00,0.50
3807,76,0.00,0.50
3830,75,0.00,0.50
3848,75,0.00,0.50
3870,75,0.00,0.50
2929,49,0.00,0.50
1693,49,0.00,0.50
1839,50,0.00,0.50
2405,50,0.00,0.50
2993,52,0.00,0.25
3008,64,0.00,0.25
3008,69,0.00,0.25
3013,71,0.00,0.25
3029,75,0.00,0.25
3037,77,0.00,0.25
3040,78,0.00,0.25
3049,78,0.00,0.25
3055,78,0.00,0.25
3069,77,0.00,0.25
3067,78,0.00,0.25
3081,77,0.00,0.25
3084,77,0.00,0.25
3095,77,0.00,0.25
3096,78,0.00,0.25
3104,72,0.00,0.25
3107,71,0.00,0.25
3116,70,0.00,0.25
3115,69,0.00,0.25
3119,69,0.00,0.25
3126,68,0.00,0.25
3126,68,0.00,0.25
3133,68,0.00,0.25
3137,68,0.00,0.25
3140,68,0.00,0.25
3147,67,0.00,0.25
3150,67,0.00,0.25
3160,68,0.00,0.25
3158,67,0.00,0.25
3165,67,0.00,0.25
3171,66,0.00,0.25
3171,66,0.00,0.25
3173,66,0.00,0.25
3180,64,0.00,0.25
3181,63,0.00,0.25
3186,63,0.00,0.25
3186,62,0.00,0.25
3192,62,0.00,0.25
3196,63,0.00,0.25
3197,62,0.00,0.25
3204,62,0.00,0.25
3213,62,0.00,0.25
3204,62,0.00,0.25
3220,61,0.00,0.25
3220,61,0.00,0.25
3224,61,0.00,0.25
3224,60,0.00,0.25
3220,59,0.00,0.25
3221,53,0.00,0.25
3229,52,0.00,0.25
3233,53,0.00,0.25
3226,53,0.00,0.25
3236,52,0.00,0.25
3239,53,0.00,0.25
3243,53,0.00,0.25
3238,52,0.00,0.25
3244,52,0.00,0.25
3244,52,0.00,0.25
3247,52,0.00,0.25
3249,52,0.00,0.25
3245,52,0.00,0.25
3249,52,0.00,0.25
3246,51,0.00,0.25
3269,51,0.00,0.25
3280,51,0.00,0.25
3283,51,0.00,0.25
3291,51,0.00,0.25
3297,51,0.00,0.25
3308,51,0.00,0.25
3307,51,0.00,0.25
3322,52,0.00,0.25
3320,52,0.00,0.25
3331,52,0.00,0.25
3328,52,0.00,0.25
3343,52,0.00,0.25
3342,53,0.00,0.25
3354,54,0.00,0.25
3357,54,0.00,0.25
3367,54,0.00,0.25
3370,53,0.00,0.25
3381,53,0.00,0.25
3384,53,0.00,0.25
3395,53,0.00,0.25
3398,53,0.00,0.25
3409,52,0.00,0.25
3412,53,0.00,0.25
3416,53,0.00,0.25
3428,52,0.00,0.25
3436,52,0.00,0.25
3443,53,0.00,0.25
3447,53,0.00,0.25
3458,54,0.00,0.25
3467,53,0.00,0.25
3479,54,0.00,0.25
3488,56,0.00,0.25
3501,58,0.00,0.25
3505,58,0.00,0.25
3521,58,0.00,0.25
3530,58,0.00,0.25
3536,58,0.00,0.25
3549,58,0.00,0.25
3556,58,0.00,0.25
3565,58,0.00,0.25
3046,51,0.00,0.25
3052,52,0.00,0.25
3059,52,0.00,0.25
3062,52,0.00,0.25
3065,52,0.00,0.25
3066,52,0.00,0.25
3071,52,0.00,0.25
3071,51,0.00,0.25
3080,51,0.00,0.25
3086,52,0.00,0.25
3088,52,0.00,0.25
3088,52,0.00,0.25
3098,51,0.00,0.25
3101,51,0.00,0.25
3101,51,0.00,0.25
3108,51,0.00,0.25
3109,51,0.00,0.25
3115,51,0.00,0.25
3116,51,0.00,0.25
3120,51,0.00,0.25
3125,51,0.00,0.25
3127,50,0.00,0.25
3129,51,0.00,0.25
3131,51,0.00,0.25
3139,51,0.00,0.25
3135,51,0.00,0.25
3149,51,0.00,0.25
3249,54,0.00,0.25
3253,55,0.00,0.25
3255,56,0.00,0.25
3257,56,0.00,0.25
3267,56,0.00,0.25
3268,56,0.00,0.25
3274,57,0.00,0.25
3282,57,0.00,0.25
3284,58,0.00,0.25
3298,58,0.00,0.25
3295,57,0.00,0.25
3298,58,0.00,0.25
3308,58,0.00,0.25
3311,58,0.00,0.25
3324,58,0.00,0.25
3322,57,0.00,0.25
3330,57,0.00,0.25
3335,57,0.00,0.25
3335,57,0.00,0.25
3346,58,0.00,0.25
3351,59,0.00,0.25
3362,62,0.00,0.25
3373,66,0.00,0.25
3382,66,0.00,0.25
3389,67,0.00,0.25
3399,68,0.00,0.25
3400,68,0.00,0.25
3414,68,0.00,0.25
2759,53,0.00,0.25
2761,53,0.00,0.25
2763,53,0.00,0.25
2764,53,0.00,0.25
2763,54,0.00,0.25
2764,54,0.00,0.25
2760,53,0.00,0.25
2764,53,0.00,0.25
2771,53,0.00,0.25
2763,53,0.00,0.25
2770,54,0.00,0.25
2769,55,0.00,0.25
2769,55,0.00,0.25
2779,54,0.00,0.25
2774,56,0.00,0.25
2777,58,0.00,0.25
2782,59,0.00,0.25
2779,59,0.00,0.25
2783,59,0.00,0.25
2784,59,0.00,0.25
2784,59,0.00,0.25
2788,59,0.00,0.25
2789,59,0.00,0.25
2795,59,0.00,0.25
2793,59,0.00,0.25
2798,59,0.00,0.25
2798,59,0.00,0.25
2801,59,0.00,0.25
2806,59,0.00,0.25
2811,61,0.00,0.25
2813,62,0.00,0.25
2820,62,0.00,0.25
2816,62,0.00,0.25
2826,63,0.00,0.25
2824,62,0.00,0.25
2829,62,0.00,0.25
2832,63,0.00,0.25
2834,63,0.00,0.25
2835,63,0.00,0.25
2841,62,0.00,0.25
2839,62,0.00,0.25
2847,63,0.00,0.25
2849,62,0.00,0.25
2850,62,0.00,0.25
2854,62,0.00,0.25
2854,62,0.00,0.25
2857,62,0.00,0.25
2863,62,0.00,0.25
2861,63,0.00,0.25
2867,62,0.00,0.25
2869,62,0.00,0.25
2872,62,0.00,0.25
2876,62,0.00,0.25
2874,62,0.00,0.25
2876,62,0.00,0.25
2883,62,0.00,0.25
2885,63,0.00,0.25
2887,63,0.00,0.25
2893,64,0.00,0.25
2894,64,0.00,0.25
2898,64,0.00,0.25
2901,64,0.00,0.25
2904,64,0.00,0.25
2911,64,0.00,0.25
2907,64,0.00,0.25
2912,64,0.00,0.25
2922,63,0.00,0.25
2916,64,0.00,0.25
2923,63,0.00,0.25
2931,63,0.00,0.25
2929,63,0.00,0.25
2932,63,0.00,0.25
2936,63,0.00,0.25
2938,63,0.00,0.25
2942,63,0.00,0.25
2946,63,0.00,0.25
2951,63,0.00,0.25
2951,63,0.00,0.25
2952,63,0.00,0.25
2958,63,0.00,0.25
2960,63,0.00,0.25
2964,63,0.00,0.25
2967,63,0.00,0.25
2975,63,0.00,0.25
2972,63,0.00,0.25
2975,63,0.00,0.25
2986,63,0.00,0.25
2983,62,0.00,0.25
2988,63,0.00,0.25
2993,62,0.00,0.25
2991,63,0.00,0.25
2997,63,0.00,0.25
2998,62,0.00,0.25
3000,63,0.00,0.25
3004,62,0.00,0.25
3007,62,0.00,0.25
3009,63,0.00,0.25
3022,63,0.00,0.25
3015,62,0.00,0.25
3198,70,2.00,0.25
3207,70,2.00,0.25
3205,70,2.00,0.25
3213,70,2.00,0.25
3217,70,2.00,0.25
3219,69,2.00,0.25
3227,69,2.00,0.25
3229,69,2.00,0.25
3234,69,2.00,0.25
3239,69,2.00,0.25
3247,69,2.00,0.25
3246,69,2.00,0.25
3254,69,2.00,0.25
3255,69,2.00,0.25
3259,69,2.00,0.25
3245,69,1.75,0.25
3240,69,1.75,0.25
3264,69,1.75,0.25
3260,69,1.75,0.25
3269,69,1.75,0.25
3271,68,1.75,0.25
3275,69,1.75,0.25
3280,69,1.75,0.25
3277,69,1.50,0.25
3295,68,1.50,0.25
3293,69,1.50,0.25
3285,69,1.50,0.25
3294,69,1.50,0.25
3282,68,1.50,0.25
3292,67,1.25,0.25
3290,68,1.25,0.25
3292,68,1.25,0.25
3294,67,1.25,0.25
3291,68,1.25,0.25
3297,68,1.25,0.25
3294,68,1.25,0.25
3292,67,1.00,0.25
3296,67,1.00,0.25
3291,67,1.00,0.25
3291,68,1.00,0.25
3292,68,1.00,0.25
3295,68,1.00,0.25
3294,68,0.75,0.25
3293,68,0.75,0.25
3295,68,0.75,0.25
3295,68,0.75,0.25
3288,67,0.75,0.25
3282,63,0.75,0.25
3287,60,0.75,0.25
3280,60,0.75,0.25
3282,60,0.75,0.25
3274,60,0.75,0.25
3274,60,0.75,0.25
3270,59,0.75,0.25
3259,56,0.75,0.25
3261,52,0.50,0.25
2927,51,0.25,0.25
2926,55,0.25,0.25
2911,57,0.25,0.25
2921,58,0.25,0.25
2910,60,0.25,0.25
2911,62,0.25,0.25
2909,65,0.25,0.25
2907,65,0.25,0.25
2903,66,0.25,0.25
2905,68,0.25,0.25
2905,68,0.25,0.25
2904,69,0.25,0.25
2908,70,0.25,0.25
2907,72,0.25,0.25
2915,73,0.25,0.25
2917,75,0.25,0.25
2911,76,0.25,0.25
2919,76,0.25,0.25
2912,76,0.25,0.25
2917,76,0.25,0.25
2917,76,0.25,0.25
2915,77,0.25,0.25
2918,76,0.25,0.25
2916,76,0.25,0.25
2927,76,0.25,0.25
2925,76,0.25,0.25
2929,77,0.25,0.25
2923,77,0.25,0.25
2927,77,0.25,0.25
2929,77,0.25,0.25
2931,77,0.25,0.25
2929,77,0.25,0.25
2928,77,0.25,0.25
2928,78,0.25,0.25
2929,77,0.25,0.25
2939,78,0.25,0.25
2934,78,0.25,0.25
2939,79,0.25,0.25
2935,79,0.25,0.25
2942,79,0.25,0.25
2937,79,0.25,0.25
2936,79,0.25,0.25
2939,79,0.25,0.25
2934,80,0.25,0.25
2938,79,0.25,0.25
2940,79,0.25,0.25
2941,79,0.25,0.25
2950,79,0.25,0.25
2942,79,0.25,0.25
2953,79,0.25,0.25
2960,79,0.25,0.25
2959,79,0.25,0.25
2965,79,0.25,0.25
2954,79,0.25,0.25
2955,79,0.25,0.25
2951,72,0.25,0.25
2957,70,0.25,0.25
2955,70,0.25,0.25
2956,69,0.25,0.25
2944,69,0.25,0.25
2951,68,0.25,0.25
2933,62,0.25,0.25
2939,60,0.25,0.25
2931,59,0.25,0.25
2924,58,0.25,0.25
2923,57,0.25,0.25
2908,55,0.25,0.25
2912,55,0.25,0.25
1598,52,0.25,0.25
1699,53,0.25,0.25
1737,59,0.25,0.25
1793,59,0.25,0.25
1837,60,0.25,0.25
1876,60,0.25,0.25
1947,59,0.25,0.25
1991,58,0.25,0.25
2048,57,0.25,0.25
2096,57,0.25,0.25
2164,58,0.25,0.25
2209,58,0.25,0.25
2260,58,0.25,0.25
2307,58,0.25,0.25
2376,59,0.25,0.25
2449,60,0.25,0.25
2500,60,0.25,0.25
2558,60,0.25,0.25
2611,60,0.25,0.25
2673,58,0.25,0.25
2723,58,0.25,0.25
2759,58,0.25,0.25
2819,57,0.25,0.25
2871,56,0.25,0.25
2912,56,0.25,0.25
2956,55,0.25,0.25
3006,55,0.25,0.25
3074,55,0.25,0.25
3123,56,0.25,0.25
3168,56,0.25,0.25
3232,56,0.25,0.25
3284,55,0.25,0.25
3343,55,0.25,0.25
3401,53,0.25,0.25
3452,52,0.25,0.25
3507,33,0.25,0.25
2389,51,0.25,0.25
2407,53,0.25,0.25
2439,55,0.25,0.25
2451,57,0.25,0.25
2475,58,0.25,0.25
2481,58,0.25,0.25
2511,58,0.25,0.25
2531,58,0.25,0.25
2545,57,0.25,0.25
2573,57,0.25,0.25
2600,56,0.25,0.25
2619,58,0.25,0.25
2661,58,0.25,0.25
2658,60,0.25,0.25
2711,61,0.25,0.25
2728,62,0.25,0.25
2740,62,0.25,0.25
2771,61,0.25,0.25
2809,61,0.25,0.25
2818,61,0.25,0.25
2852,61,0.25,0.25
2879,60,0.25,0.25
2898,61,0.25,0.25
2943,59,0.25,0.25
2953,59,0.25,0.25
2991,58,0.25,0.25
3008,59,0.25,0.25
3027,60,0.25,0.25
3059,60,0.25,0.25
3081,59,0.25,0.25
3110,59,0.25,0.25
3131,61,0.25,0.25
3175,61,0.25,0.25
3192,61,0.25,0.25
3226,61,0.25,0.25
3255,62,0.25,0.25
3293,62,0.25,0.25
3316,62,0.25,0.25
3338,62,0.25,0.25
3376,62,0.25,0.25
3399,60,0.25,0.25
3441,60,0.25,0.25
3467,62,0.25,0.25
3506,64,0.25,0.25
3535,64,0.25,0.25
3573,63,0.25,0.25
3598,64,0.25,0.25
3640,62,0.25,0.25
3674,63,0.25,0.25
2599,50,0.25,0.25
2594,50,0.25,0.25
2612,50,0.25,0.25
2598,51,0.25,0.25
2589,52,0.25,0.25
2601,51,0.25,0.25
2601,51,0.25,0.25
2601,51,0.25,0.25
2601,52,0.25,0.25
2603,52,0.25,0.25
2602,51,0.25,0.25
1275,60,0.25,0.25
1496,62,0.25,0.25
1744,54,0.25,0.25
1979,50,0.25,0.25
1951,51,0.25,0.25
1919,52,0.25,0.25
1889,53,0.25,0.25
1869,53,0.25,0.25
1856,56,0.25,0.25
1858,61,0.25,0.25
1901,62,0.25,0.25
1957,63,0.25,0.25
2004,62,0.25,0.25
2042,62,0.25,0.25
2045,62,0.25,0.25
2041,62,0.25,0.25
2037,62,0.25,0.25
2026,62,0.25,0.25
2029,62,0.25,0.25
2026,62,0.25,0.25
2020,62,0.25,0.25
2018,62,0.25,0.25
2022,62,0.25,0.25
2031,62,0.25,0.25
2049,62,0.25,0.25
2069,61,0.25,0.25
2100,61,0.25,0.25
2122,60,0.25,0.25
2151,59,0.25,0.25
2177,59,0.25,0.25
2192,59,0.25,0.25
2220,59,0.25,0.25
2231,58,0.25,0.25
2235,59,0.25,0.25
2251,58,0.25,0.25
2329,58,0.25,0.25
2390,56,0.25,0.25
2426,55,0.25,0.25
2479,55,0.25,0.25
2513,54,0.25,0.25
2564,53,0.25,0.25
2615,53,0.25,0.25
2656,52,0.25,0.25
2698,52,0.25,0.25
2760,51,0.25,0.25
2801,51,0.25,0.25
1188,53,0.25,0.25
1340,51,0.25,0.25
672,55,0.25,0.25
499,55,0.25,0.25
265,97,0.25,0.25
284,98,0.25,0.25
268,101,0.25,0.25
142,61,0.25,0.25
108,61,0.25,0.25
108,61,0.25,0.25
108,61,0.25,0.25
0,61,0.25,0.25
0,61,0.25,0.25
0,61,0.25,0.25
0,61,0.25,0.25
0,61,0.25,0.25
0,61,0.25,0.25
0,61,0.25,0.25
0,61,0.25,0.25
0,61,0.25,0.25
0,61,0.25,0.25
0,61,0.25,0.25
0,61,0.25,0.25
0,61,0.25,0.25
0,61,0.25,0.25
0,61,0.25,0.25
0,61,0.25,0.25
0,61,0.25,0.25
0,61,0.25,0.25
0,61,0.25,0.25
0,61,0.25,0.25
0,61,0.25,0.25
0,61,0.25,0.25
0,61,0.25,0.25
0,61,0.25,0.25
1137,32,0.00,0.25
1104,32,0.00,0.25
1088,33,0.00,0.25
1079,33,0.00,0.25
1048,33,0.00,0.25
1023,35,0.00,0.25
1034,34,0.00,0.25
999,34,0.00,0.25
1009,37,0.00,0.25
1076,33,0.00,0.25
1069,34,0.00,0.25
1056,34,0.00,0.25
1076,33,0.00,0.25
2874,28,0.00,0.25
2875,27,0.00,0.25
2869,27,0.00,0.25
2867,27,0.00,0.25
2868,27,0.00,0.25
2850,27,0.00,0.25
2826,24,0.00,0.25
2774,24,0.00,0.25
2836,24,0.00,0.25
2816,23,0.00,0.25
2818,24,0.00,0.25
2821,24,0.00,0.25
2802,24,0.00,0.25
2740,50,0.00,0.25
2770,49,0.00,0.25
2767,49,0.00,0.25
2780,49,0.00,0.25
2779,50,0.00,0.25
2793,49,0.00,0.25
2796,49,0.00,0.25
2795,49,0.00,0.25
2806,49,0.00,0.25
2594,50,0.00,0.25
2621,50,0.00,0.25
2636,49,0.00,0.25
3205,50,0.00,0.25
3267,49,0.00,0.25
3319,49,0.00,0.25
3349,49,0.00,0.25
3473,50,0.00,0.25
2974,49,0.00,0.25
2972,49,0.00,0.25
2989,50,0.00,0.25
3010,49,0.00,0.25
3060,50,0.00,0.25
1904,49,0.00,0.25
1872,49,0.00,0.25
2609,49,0.00,0.25
2878,51,0.00,0.25
2822,50,0.00,0.25
2859,50,0.00,0.25
2991,50,0.00,0.25
3021,50,0.00,0.25
3154,50,0.00,0.25
2243,51,0.00,0.25
2832,50,0.00,0.25
2846,50,0.00,0.25
2847,51,0.00,0.25
3035,49,0.00,0.25
3089,50,0.00,0.25
3111,50,0.00,0.25
3117,50,0.00,0.25
3105,49,0.00,0.25
3101,49,0.00,0.25
3098,50,0.00,0.25
3098,49,0.00,0.25
3104,49,0.00,0.25
3100,49,0.00,0.25
3101,49,0.00,0.25
3104,50,0.00,0.25
3105,49,0.00,0.25
3104,49,0.00,0.25
3109,49,0.00,0.25
3107,49,0.00,0.25
3108,50,0.00,0.25
3109,50,0.00,0.25
3107,50,0.00,0.25
3106,50,0.00,0.25
3109,49,0.00,0.25
3655,63,0.00,0.25
3654,63,0.00,0.25
3658,63,0.00,0.25
3670,63,0.00,0.25
3670,62,0.00,0.25
3677,62,0.00,0.25
3678,63,0.00,0.25
3676,63,0.00,0.25
3677,62,0.00,0.25
3681,62,0.00,0.25
3692,63,0.00,0.25
3692,62,0.00,0.25
3695,63,0.00,0.25
3700,62,0.00,0.25
3701,62,0.00,0.25
3703,62,0.00,0.25
3707,62,0.00,0.25
3710,62,0.00,0.25
3705,63,0.00,0.25
3711,62,0.00,0.25
3712,62,0.00,0.25
3709,62,0.00,0.25
3711,62,0.00,0.25
3714,62,0.00,0.25
3719,62,0.00,0.25
3717,63,0.00,0.25
3722,63,0.00,0.25
3723,64,0.00,0.25
3722,66,0.00,0.25
3725,66,0.00,0.25
3728,68,0.00,0.25
3729,67,0.00,0.25
3733,67,0.00,0.25
3733,68,0.00,0.25
3737,67,0.00,0.25
3734,68,0.00,0.25
3748,68,0.00,0.25
3746,70,0.00,0.25
3746,70,0.00,0.25
3748,71,0.00,0.25
3753,70,0.00,0.25
3754,70,0.00,0.25
3757,70,0.00,0.25
3762,71,0.00,0.25
3759,73,0.00,0.25
3770,76,0.00,0.25
3765,77,0.00,0.25
3777,77,0.00,0.25
3775,80,0.00,0.25
3774,80,0.00,0.25
3777,80,0.00,0.25
3779,79,0.00,0.25
3778,80,0.00,0.25
3788,79,0.00,0.25
3785,80,0.00,0.25
3788,79,0.00,0.25
3793,79,0.00,0.25
3784,71,0.00,0.25
3052,55,0.00,0.25
3045,58,0.00,0.25
3061,60,0.00,0.25
3053,61,0.00,0.25
3052,63,0.00,0.25
3054,68,0.00,0.25
3054,73,0.00,0.25
3046,75,0.00,0.25
3044,74,0.00,0.25
3047,75,0.00,0.25
3039,76,0.00,0.25
3049,77,0.00,0.25
3044,77,0.00,0.25
3041,77,0.00,0.25
3043,78,0.00,0.25
3038,78,0.00,0.25
3039,77,0.00,0.25
3042,77,0.00,0.25
3031,77,0.00,0.25
3033,77,0.00,0.25
3032,77,0.00,0.25
3027,77,0.00,0.25
3024,77,0.00,0.25
3025,77,0.00,0.25
3030,79,0.00,0.25
3024,82,0.00,0.25
3026,82,0.00,0.25
3024,83,0.00,0.25
3023,82,0.00,0.25
3021,82,0.00,0.25
3019,83,0.00,0.25
3018,82,0.00,0.25
3014,82,0.00,0.25
3025,82,0.00,0.25
3018,82,0.00,0.25
3019,82,0.00,0.25
3014,82,0.00,0.25
3017,79,0.00,0.25
3005,77,0.00,0.25
3007,76,0.00,0.25
3006,74,0.00,0.25
3000,72,0.00,0.25
3000,69,0.00,0.25
2987,67,0.00,0.25
2995,66,0.00,0.25
2991,65,0.00,0.25
2985,66,0.00,0.25
2986,65,0.00,0.25
2975,66,0.00,0.25
2970,66,0.00,0.25
2972,66,0.00,0.25
2965,66,0.00,0.25
2968,66,0.00,0.25
2958,66,0.00,0.25
2957,66,0.00,0.25
2951,65,0.00,0.25
2945,65,0.00,0.25
2932,60,0.00,0.25
2937,57,0.00,0.25
2940,56,0.00,0.25
2921,58,0.00,0.25
2921,57,0.00,0.25
2913,58,0.00,0.25
2908,58,0.00,0.25
2907,58,0.00,0.25
2898,58,0.00,0.25
2896,58,0.00,0.25
2890,58,0.00,0.25
2886,58,0.00,0.25
2880,58,0.00,0.25
2876,59,0.00,0.25
2873,58,0.00,0.25
2866,58,0.00,0.25
2861,59,0.00,0.25
2860,58,0.00,0.25
2857,58,0.00,0.25
2850,59,0.00,0.25
2845,58,0.00,0.25
2843,59,0.00,0.25
2837,59,0.00,0.25
2838,58,0.00,0.25
2833,58,0.00,0.25
2831,59,0.00,0.25
2827,59,0.00,0.25
2820,59,0.00,0.25
2822,59,0.00,0.25
2816,59,0.00,0.25
2813,60,0.00,0.25
2814,60,0.00,0.25
2807,61,0.00,0.25
2805,61,0.00,0.25
2806,60,0.00,0.25
2801,61,0.00,0.25
2801,61,0.00,0.25
2795,61,0.00,0.25
2796,61,0.00,0.25
2795,61,0.00,0.25
2793,61,0.00,0.25
2793,62,0.00,0.25
2789,61,0.00,0.25
2788,61,0.00,0.25
2787,61,0.00,0.25
2782,62,0.00,0.25
2783,61,0.00,0.25
2779,63,0.00,0.25
2780,65,0.00,0.25
2779,65,0.00,0.25
2773,65,0.00,0.25
2773,65,0.00,0.25
2774,67,0.00,0.25
2771,68,0.00,0.25
2771,68,0.00,0.25
2767,68,0.00,0.25
2770,68,0.00,0.25
2768,67,0.00,0.25
2768,68,0.00,0.25
2767,68,0.00,0.25
2769,68,0.00,0.25
2766,68,0.00,0.25
2768,68,0.00,0.25
2764,68,0.00,0.25
2768,68,0.00,0.25
2766,68,0.00,0.25
2770,68,0.00,0.25
2771,67,0.00,0.25
2763,68,0.00,0.25
2773,68,0.00,0.25
2767,68,0.00,0.25
2767,68,0.00,0.25
2768,68,0.00,0.25
2768,68,0.00,0.25
2769,68,0.00,0.25
2772,68,0.00,0.25
2767,68,0.00,0.25
2773,68,0.00,0.25
2768,67,0.00,0.25
2766,65,0.00,0.25
2773,64,0.00,0.25
2764,63,0.00,0.25
2764,63,0.00,0.25
2770,62,0.00,0.25
2765,62,0.00,0.25
2768,62,0.00,0.25
2763,62,0.00,0.25
2769,62,0.00,0.25
2760,62,0.00,0.25
2766,62,0.00,0.25
2767,62,0.00,0.25
2766,62,0.00,0.25
2763,62,0.00,0.25
2767,62,0.00,0.25
2766,62,0.00,0.25
2764,62,0.00,0.25
2768,62,0.00,0.25
2765,62,0.00,0.25
2767,62,0.00,0.25
2767,62,0.00,0.25
2767,62,0.00,0.25
2766,62,0.00,0.25
2766,62,0.00,0.25
2772,62,0.00,0.25
2771,62,0.00,0.25
2768,62,0.00,0.25
2771,61,0.00,0.25
2771,61,0.00,0.25
2775,62,0.00,0.25
2768,62,0.00,0.25
2772,62,0.00,0.25
2773,62,0.00,0.25
2769,62,0.00,0.25
2776,62,0.00,0.25
2769,62,0.00,0.25
2776,62,0.00,0.25
2771,62,0.00,0.25
2773,61,0.00,0.25
2773,63,0.00,0.25
2770,63,0.00,0.25
2781,65,0.00,0.25
2771,66,0.00,0.25
2774,66,0.00,0.25
2771,66,0.00,0.25
2768,66,0.00,0.25
2782,66,0.00,0.25
2770,68,0.00,0.25
2780,68,0.00,0.25
2778,68,0.00,0.25
2782,68,0.00,0.25
2781,68,0.00,0.25
2781,68,0.00,0.25
2784,68,0.00,0.25
2780,68,0.00,0.25
2785,68,0.00,0.25
2790,68,0.00,0.25
2781,68,0.00,0.25
2788,68,0.00,0.25
2789,68,0.00,0.25
2795,68,0.00,0.25
2796,69,0.00,0.25
2792,68,0.00,0.25
2794,68,0.00,0.25
2795,68,0.00,0.25
2797,68,0.00,0.25
2798,68,0.00,0.25
2798,68,0.00,0.25
2806,68,0.00,0.25
2800,68,0.00,0.25
2804,68,0.00,0.25
2808,68,0.00,0.25
2809,68,0.00,0.25
2810,68,0.00,0.25
2812,68,0.00,0.25
2812,68,0.00,0.25
2813,68,0.00,0.25
2813,68,0.00,0.25
2815,68,0.00,0.25
2818,68,0.00,0.25
2817,68,0.00,0.25
2820,68,0.00,0.25
2824,68,0.00,0.25
2820,68,0.00,0.25
2828,68,0.00,0.25
2824,68,0.00,0.25
2830,68,0.00,0.25
2833,68,0.00,0.25
2832,67,0.00,0.25
2832,68,0.00,0.25
2836,68,0.00,0.25
2836,68,0.00,0.25
2845,69,0.00,0.25
2845,72,0.00,0.25
2848,73,0.00,0.25
2849,73,0.00,0.25
2852,73,0.00,0.25
2854,73,0.00,0.25
2858,74,0.00,0.25
2854,74,0.00,0.25
2859,72,0.00,0.25
2855,73,0.00,0.25
2859,72,0.00,0.25
2858,73,0.00,0.25
2860,74,0.00,0.25
2861,73,0.00,0.25
2860,73,0.00,0.25
2862,73,0.00,0.25
2864,73,0.00,0.25
2862,72,0.00,0.25
2863,73,0.00,0.25
2862,73,0.00,0.25
2863,73,0.00,0.25
2866,72,0.00,0.25
2863,71,0.00,0.25
2865,72,0.00,0.25
2871,72,0.00,0.25
2875,72,0.00,0.25
2863,66,0.00,0.25
2871,65,0.00,0.25
2873,65,0.00,0.25
2877,66,0.00,0.25
2870,65,0.00,0.25
2875,65,0.00,0.25
2879,65,0.00,0.25
2877,65,0.00,0.25
2879,65,0.00,0.25
2877,65,0.00,0.25
2881,64,0.00,0.25
2876,65,0.00,0.25
2880,65,0.00,0.25
2887,64,0.00,0.25
2884,65,0.00,0.25
2888,64,0.00,0.25
2895,64,0.00,0.25
2891,65,0.00,0.25
2893,65,0.00,0.25
2897,64,0.00,0.25
2897,64,0.00,0.25
2891,65,0.00,0.25
2896,64,0.00,0.25
2893,64,0.00,0.25
2898,64,0.00,0.25
2897,64,0.00,0.25
2897,65,0.00,0.25
2896,64,0.00,0.25
2907,64,0.00,0.25
2902,64,0.00,0.25
2899,64,0.00,0.25
2898,65,0.00,0.25
2894,64,0.00,0.25
2901,64,0.00,0.25
2904,64,0.00,0.25
2901,64,0.00,0.25
2905,65,0.00,0.25
2902,64,0.00,0.25
2900,65,0.00,0.25
2907,65,0.00,0.25
2907,64,0.00,0.25
2909,64,0.00,0.25
2903,65,0.00,0.25
2910,64,0.00,0.25
2912,64,0.00,0.25
2912,64,0.00,0.25
2913,65,0.00,0.25
2918,64,0.00,0.25
2917,64,0.00,0.25
2925,64,0.00,0.25
2921,64,0.00,0.25
2925,64,0.00,0.25
2926,63,0.00,0.25
2923,63,0.00,0.25
2931,63,0.00,0.25
2925,64,0.00,0.25
2925,63,0.00,0.25
2931,63,0.00,0.25
2932,63,0.00,0.25
2925,64,0.00,0.25
2932,63,0.00,0.25
2937,63,0.00,0.25
2935,63,0.00,0.25
2938,63,0.00,0.25
2934,64,0.00,0.25
2933,63,0.00,0.25
2936,63,0.00,0.25
2940,63,0.00,0.25
2940,64,0.00,0.25
2943,63,0.00,0.25
2936,64,0.00,0.25
2949,63,0.00,0.25
2940,63,0.00,0.25
2942,63,0.00,0.25
2948,63,0.00,0.25
2945,63,0.00,0.25
2951,63,0.00,0.25
2953,63,0.00,0.25
2950,63,0.00,0.25
2955,63,0.00,0.25
2955,63,0.00,0.25
2957,63,0.00,0.25
2959,63,0.00,0.25
2960,63,0.00,0.25
2962,63,0.00,0.25
2966,63,0.00,0.25
2968,63,0.00,0.25
2969,63,0.00,0.25
2970,63,0.00,0.25
2970,63,0.00,0.25
2971,63,0.00,0.25
2975,63,0.00,0.25
2975,63,0.00,0.25
2977,63,0.00,0.25
2977,59,0.00,0.25
2973,59,0.00,0.25
2976,54,0.00,0.25
2962,51,0.00,0.25
2974,50,0.00,0.25
2978,50,0.00,0.25
2967,50,0.00,0.25
2970,50,0.00,0.25
2966,50,0.00,0.25
2966,50,0.00,0.25
2965,51,0.00,0.25
2967,51,0.00,0.25
2962,51,0.00,0.25
2955,52,0.00,0.25
2959,52,0.00,0.25
2951,51,0.00,0.25
2954,51,0.00,0.25
2961,51,0.00,0.25
2951,51,0.00,0.25
2953,51,0.00,0.25
2957,51,0.00,0.25
2951,51,0.00,0.25
2952,51,0.00,0.25
2947,51,0.00,0.25
2945,51,0.00,0.25
2950,51,0.00,0.25
2944,51,0.00,0.25
2947,51,0.00,0.25
2948,51,0.00,0.25
2946,51,0.00,0.25
2943,52,0.00,0.25
2944,52,0.00,0.25
2946,53,0.00,0.25
2955,59,0.00,0.25
2946,61,0.00,0.25
2950,62,0.00,0.25
2956,62,0.00,0.25
2957,66,0.00,0.25
2965,70,0.00,0.25
2968,73,0.00,0.25
2970,74,0.00,0.25
2977,75,0.00,0.25
2986,81,0.00,0.25
2987,83,0.00,0.25
2997,85,0.00,0.25
3003,72,0.00,0.25
2827,50,0.00,0.25
2837,51,0.00,0.25
2835,51,0.00,0.25
2839,51,0.00,0.25
2842,51,0.00,0.25
2844,51,0.00,0.25
2847,51,0.00,0.25
2855,50,0.00,0.25
2859,50,0.00,0.25
2857,51,0.00,0.25
2868,50,0.00,0.25
2862,50,0.00,0.25
2873,50,0.00,0.25
2872,50,0.00,0.25
2881,50,0.00,0.25
2879,50,0.00,0.25
2886,50,0.00,0.25
2892,50,0.00,0.25
2890,50,0.00,0.25
2892,51,0.00,0.25
2901,51,0.00,0.25
2895,51,0.00,0.25
2906,51,0.00,0.25
2904,51,0.00,0.25
2905,51,0.00,0.25
2918,51,0.00,0.25
2917,51,0.00,0.25
2921,52,0.00,0.25
2929,52,0.00,0.25
2928,53,0.00,0.25
2933,55,0.00,0.25
2939,55,0.00,0.25
2942,55,0.00,0.25
2945,55,0.00,0.25
2954,55,0.00,0.25
2954,55,0.00,0.25
2954,55,0.00,0.25
2955,55,0.00,0.25
2965,55,0.00,0.25
2965,55,0.00,0.25
2969,55,0.00,0.25
2970,55,0.00,0.25
2977,55,0.00,0.25
2970,55,0.00,0.25
2981,54,0.00,0.25
2984,54,0.00,0.25
2974,55,0.00,0.25
2990,55,0.00,0.25
2994,54,0.00,0.25
2989,54,0.00,0.25
2993,53,0.00,0.25
3000,52,0.00,0.25
3004,52,0.00,0.25
3001,52,0.00,0.25
3011,52,0.00,0.25
3009,52,0.00,0.25
3010,52,0.00,0.25
3015,52,0.00,0.25
3018,52,0.00,0.25
3021,52,0.00,0.25
3024,52,0.00,0.25
3030,52,0.00,0.25
3029,52,0.00,0.25
3036,52,0.00,0.25
3037,52,0.00,0.25
3044,52,0.00,0.25
3045,52,0.00,0.25
3047,52,0.00,0.25
3050,52,0.00,0.25
3054,52,0.00,0.25
3057,52,0.00,0.25
3050,52,0.00,0.25
3063,52,0.00,0.25
3055,51,0.00,0.25
3063,51,0.00,0.25
2793,50,0.00,0.25
2806,50,0.00,0.25
2810,50,0.00,0.25
3182,53,0.00,0.25
3200,54,0.00,0.25
3206,54,0.00,0.25
3236,54,0.00,0.25
3247,53,0.00,0.25
3262,53,0.00,0.25
3276,53,0.00,0.25
3290,51,0.00,0.25
1542,68,0.00,0.25
1069,83,0.00,0.25
1220,86,0.00,0.25
1460,79,0.00,0.25
1758,74,0.00,0.25
1995,65,0.00,0.25
2019,64,0.00,0.25
2018,65,0.00,0.25
2036,65,0.00,0.25
2055,64,0.00,0.25
2089,64,0.00,0.25
2129,63,0.00,0.25
2174,63,0.00,0.25
2190,59,0.00,0.25
2181,58,0.00,0.25
2157,58,0.00,0.25
2114,58,0.00,0.25
2088,59,0.00,0.25
2054,59,0.00,0.25
2034,60,0.00,0.25
2025,60,0.00,0.25
2015,59,0.00,0.25
2005,60,0.00,0.25
2009,60,0.00,0.25
2026,60,0.00,0.25
2050,59,0.00,0.25
2084,59,0.00,0.25
2116,58,0.00,0.25
2144,58,0.00,0.25
2164,57,0.00,0.25
2188,57,0.00,0.25
2248,56,0.00,0.25
2315,55,0.00,0.25
2355,54,0.00,0.25
2406,49,0.00,0.25
3192,50,0.00,0.25
3253,52,0.00,0.25
3286,51,0.00,0.25
3351,51,0.00,0.25
3419,51,0.00,0.25
3505,52,0.00,0.25
2572,51,0.00,0.25
2612,51,0.00,0.25
2632,54,0.00,0.25
2664,55,0.00,0.25
2699,56,0.00,0.25
2724,55,0.00,0.25
2751,55,0.00,0.25
2781,55,0.00,0.25
2819,54,0.00,0.25
2856,53,0.00,0.25
2883,53,0.00,0.25
2904,53,0.00,0.25
2939,53,0.00,0.25
2968,52,0.00,0.25
3002,52,0.00,0.25
3015,52,0.00,0.25
3053,52,0.00,0.25
3083,52,0.00,0.25
3115,53,0.00,0.25
3144,53,0.00,0.25
3181,55,0.00,0.25
3210,55,0.00,0.25
3249,55,0.00,0.25
3288,55,0.00,0.25
3318,55,0.00,0.25
3370,55,0.00,0.25
3394,53,0.00,0.25
3440,56,0.00,0.25
3467,55,0.00,0.25
3514,55,0.00,0.25
3554,55,0.00,0.25
3598,56,0.00,0.25
3633,57,0.00,0.25
3696,59,0.00,0.25
3731,61,0.00,0.25
2836,52,0.00,0.25
2802,56,0.00,0.25
2851,59,0.00,0.25
2860,62,0.00,0.25
2895,65,0.00,0.25
2914,68,0.00,0.25
2931,68,0.00,0.25
2969,68,0.00,0.25
2980,68,0.00,0.25
3004,68,0.00,0.25
3037,68,0.00,0.25
3054,68,0.00,0.25
3083,67,0.00,0.25
3110,67,0.00,0.25
3120,67,0.00,0.25
3160,65,0.00,0.25
3181,65,0.00,0.25
3214,65,0.00,0.25
3232,65,0.00,0.25
3260,64,0.00,0.25
3289,64,0.00,0.25
3311,65,0.00,0.25
3341,66,0.00,0.25
3361,66,0.00,0.25
3387,65,0.00,0.25
3419,64,0.00,0.25
3442,64,0.00,0.25
3467,64,0.00,0.25
3495,63,0.00,0.25
3521,65,0.00,0.25
3547,65,0.00,0.25
3571,64,0.00,0.25
3594,65,0.00,0.25
3626,65,0.00,0.25
3648,65,0.00,0.25
3681,66,0.00,0.25
3704,66,0.00,0.25
3733,66,0.00,0.25
3762,65,0.00,0.25
3781,66,0.00,0.25
3812,67,0.00,0.25
3076,60,0.00,0.25
3075,63,0.00,0.25
3083,66,0.00,0.25
3096,67,0.00,0.25
3108,67,0.00,0.25
3123,68,0.00,0.25
3144,69,0.00,0.25
3149,69,0.00,0.25
3164,70,0.00,0.25
3178,70,0.00,0.25
3203,70,0.00,0.25
3215,70,0.00,0.25
3231,70,0.00,0.25
3243,71,0.00,0.25
3260,70,0.00,0.25
3275,70,0.00,0.25
3291,70,0.00,0.25
3303,70,0.00,0.25
3317,70,0.00,0.25
3328,70,0.00,0.25
3332,71,0.00,0.25
3376,72,0.00,0.25
3371,76,0.00,0.25
3403,75,0.00,0.25
3405,75,0.00,0.25
3436,74,0.00,0.25
3492,76,0.00,0.25
3509,76,0.00,0.25
3526,76,0.00,0.25
3537,75,0.00,0.25
3557,75,0.00,0.25
3573,75,0.00,0.25
3589,74,0.00,0.25
3609,74,0.00,0.25
3054,51,0.00,0.25
3065,51,0.00,0.25
3080,51,0.00,0.25
3087,51,0.00,0.25
3101,51,0.00,0.25
3108,51,0.00,0.25
3120,50,0.00,0.25
3130,50,0.00,0.25
3138,50,0.00,0.25
3152,50,0.00,0.25
3159,50,0.00,0.25
3194,50,0.00,0.25
3208,51,0.00,0.25
3220,50,0.00,0.25
3236,51,0.00,0.25
3242,54,0.00,0.25
3260,55,0.00,0.25
3260,55,0.00,0.25
3284,51,0.00,0.25
2803,50,0.00,0.25
2820,50,0.00,0.25
2829,50,0.00,0.25
2835,50,0.00,0.25
2841,50,0.00,0.25
2853,50,0.00,0.25
2851,50,0.00,0.25
2869,50,0.00,0.25
2863,52,0.00,0.25
2876,51,0.00,0.25
2877,52,0.00,0.25
2890,51,0.00,0.25
2891,51,0.00,0.25
2903,51,0.00,0.25
2910,52,0.00,0.25
2920,51,0.00,0.25
2925,51,0.00,0.25
2939,50,0.00,0.25
2941,50,0.00,0.25
2944,51,0.00,0.25
2658,50,0.00,0.25
2732,53,0.00,0.25
2756,53,0.00,0.25
2813,53,0.00,0.25
2908,53,0.00,0.25
2982,54,0.00,0.25
3069,56,0.00,0.25
3117,56,0.00,0.25
3201,54,0.00,0.25
3277,53,0.00,0.25
3335,55,0.00,0.25
3409,55,0.00,0.25
3477,56,0.00,0.25
3555,56,0.00,0.25
2604,51,0.00,0.25
2642,54,0.00,0.25
2668,55,0.00,0.25
2700,55,0.00,0.25
2730,56,0.00,0.25
2768,56,0.00,0.25
2799,55,0.00,0.25
2841,55,0.00,0.25
2882,55,0.00,0.25
2911,54,0.00,0.25
2941,53,0.00,0.25
2984,53,0.00,0.25
3021,52,0.00,0.25
3044,52,0.00,0.25
3084,52,0.00,0.25
3110,52,0.00,0.25
3151,51,0.00,0.25
3189,53,0.00,0.25
3220,54,0.00,0.25
3267,55,0.00,0.25
3290,54,0.00,0.25
3338,53,0.00,0.25
3363,53,0.00,0.25
3394,52,0.00,0.25
3434,52,0.00,0.25
3467,52,0.00,0.25
3496,51,0.00,0.25
3546,51,0.00,0.25
3578,51,0.00,0.25
3614,52,0.00,0.25
3665,53,0.00,0.25
3697,53,0.00,0.25
3729,53,0.00,0.25
3778,52,0.00,0.25
3806,51,0.00,0.25
2874,53,0.00,0.25
2892,54,0.00,0.25
2916,57,0.00,0.25
2933,58,0.00,0.25
2952,58,0.00,0.25
2971,58,0.00,0.25
2998,58,0.00,0.25
3015,58,0.00,0.25
3038,59,0.00,0.25
3054,59,0.00,0.25
3076,59,0.00,0.25
3099,59,0.00,0.25
3119,59,0.00,0.25
3130,58,0.00,0.25
3160,58,0.00,0.25
3173,58,0.00,0.25
3196,57,0.00,0.25
3217,57,0.00,0.25
3231,56,0.00,0.25
3256,56,0.00,0.25
3269,56,0.00,0.25
3294,56,0.00,0.25
3316,55,0.00,0.25
3340,55,0.00,0.25
3360,56,0.00,0.25
3377,56,0.00,0.25
3405,55,0.00,0.25
3420,55,0.00,0.25
3437,55,0.00,0.25
3461,56,0.00,0.25
3478,56,0.00,0.25
3509,55,0.00,0.25
3520,55,0.00,0.25
3547,55,0.00,0.25
3565,56,0.00,0.25
3597,56,0.00,0.25
3612,55,0.00,0.25
2891,50,0.00,0.25
2905,50,0.00,0.25
2908,50,0.00,0.25
2924,50,0.00,0.25
2925,53,0.00,0.25
2942,54,0.00,0.25
2941,54,0.00,0.25
2960,54,0.00,0.25
2965,54,0.00,0.25
2977,55,0.00,0.25
2982,56,0.00,0.25
2996,56,0.00,0.25
3004,56,0.00,0.25
3012,56,0.00,0.25
3023,56,0.00,0.25
3033,56,0.00,0.25
3032,56,0.00,0.25
3052,56,0.00,0.25
3048,56,0.00,0.25
3059,56,0.00,0.25
3063,56,0.00,0.25
3074,56,0.00,0.25
3084,55,0.00,0.25
3090,56,0.00,0.25
3111,56,0.00,0.25
3114,58,0.00,0.25
3119,60,0.00,0.25
3128,60,0.00,0.25
3139,59,0.00,0.25
3157,59,0.00,0.25
3172,59,0.00,0.25
3190,59,0.00,0.25
3202,59,0.00,0.25
3193,59,0.00,0.25
3219,59,0.00,0.25
3228,57,0.00,0.25
3234,57,0.00,0.25
3242,56,0.00,0.25
3253,56,0.00,0.25
3258,56,0.00,0.25
3270,56,0.00,0.25
3284,55,0.00,0.25
3283,56,0.00,0.25
3300,56,0.00,0.25
3307,56,0.00,0.25
3313,55,0.00,0.25
3322,55,0.00,0.25
3330,55,0.00,0.25
3342,55,0.00,0.25
3345,55,0.00,0.25
3354,55,0.00,0.25
3363,55,0.00,0.25
3370,54,0.00,0.25
3382,54,0.00,0.25
3392,54,0.00,0.25
3397,53,0.00,0.25
3402,53,0.00,0.25
3411,53,0.00,0.25
3421,53,0.00,0.25
3430,53,0.00,0.25
3437,53,0.00,0.25
3444,53,0.00,0.25
3455,53,0.00,0.25
3464,53,0.00,0.25
3476,53,0.00,0.25
3482,52,0.00,0.25
3487,52,0.00,0.25
3554,49,0.00,0.25
3525,52,0.00,0.25
3519,53,0.00,0.25
3540,53,0.00,0.25
3541,53,0.00,0.25
3552,53,0.00,0.25
3568,52,0.00,0.25
3572,53,0.00,0.25
3585,55,0.00,0.25
3594,55,0.00,0.25
3608,55,0.00,0.25
3611,55,0.00,0.25
3627,54,0.00,0.25
3635,55,0.00,0.25
3641,55,0.00,0.25
3658,54,0.00,0.25
2993,51,0.00,0.25
2988,51,0.00,0.25
2990,51,0.00,0.25
2999,51,0.00,0.25
2998,51,0.00,0.25
3004,51,0.00,0.25
3009,51,0.00,0.25
3010,51,0.00,0.25
3015,51,0.00,0.25
3009,51,0.00,0.25
3023,51,0.00,0.25
3014,52,0.00,0.25
3024,52,0.00,0.25
3033,55,0.00,0.25
3037,57,0.00,0.25
3048,59,0.00,0.25
3049,59,0.00,0.25
3055,59,0.00,0.25
3064,59,0.00,0.25
3061,59,0.00,0.25
3075,59,0.00,0.25
3073,60,0.00,0.25
3084,60,0.00,0.25
3088,59,0.00,0.25
3091,59,0.00,0.25
3099,59,0.00,0.25
3101,59,0.00,0.25
3111,59,0.00,0.25
3108,59,0.00,0.25
3122,59,0.00,0.25
3127,58,0.00,0.25
3137,58,0.00,0.25
3149,57,0.00,0.25
3151,56,0.00,0.25
3156,57,0.00,0.25
3154,56,0.00,0.25
3155,56,0.00,0.25
3161,57,0.00,0.25
3168,56,0.00,0.25
3172,52,0.00,0.25
3178,52,0.00,0.25
3184,52,0.00,0.25
2951,51,0.00,0.25
2949,51,0.00,0.25
2957,51,0.00,0.25
2952,52,0.00,0.25
2958,51,0.00,0.25
2961,51,0.00,0.25
2964,52,0.00,0.25
2971,51,0.00,0.25
2973,51,0.00,0.25
2977,51,0.00,0.25
2974,51,0.00,0.25
2987,50,0.00,0.25
2988,50,0.00,0.25
1053,56,0.00,0.25
1138,56,0.00,0.25
1196,56,0.00,0.25
1266,56,0.00,0.25
1325,59,0.00,0.25
1384,58,0.00,0.25
1435,60,0.00,0.25
1509,62,0.00,0.25
1611,58,0.00,0.25
1747,53,0.00,0.25
1846,51,0.00,0.25
2252,50,0.00,0.25
2303,51,0.00,0.25
2332,51,0.00,0.25
2381,50,0.00,0.25
2442,50,0.00,0.25
2478,55,0.00,0.25
2532,58,0.00,0.25
2583,60,0.00,0.25
2641,60,0.00,0.25
2712,59,0.00,0.25
2778,59,0.00,0.25
2833,61,0.00,0.25
2904,61,0.00,0.25
3003,60,0.00,0.25
3064,59,0.00,0.25
3144,60,0.00,0.25
3219,59,0.00,0.25
3294,59,0.00,0.25
3413,58,0.00,0.25
3503,57,0.00,0.25
3571,53,0.00,0.25
2466,51,0.00,0.25
2502,52,0.00,0.25
2509,54,0.00,0.25
2543,55,0.00,0.25
2554,55,0.00,0.25
2579,55,0.00,0.25
2603,55,0.00,0.25
2627,55,0.00,0.25
2655,54,0.00,0.25
2678,56,0.00,0.25
2707,58,0.00,0.25
2734,59,0.00,0.25
2761,58,0.00,0.25
2791,58,0.00,0.25
2821,59,0.00,0.25
2853,59,0.00,0.25
2876,59,0.00,0.25
2918,59,0.00,0.25
2945,60,0.00,0.25
2955,61,0.00,0.25
3010,60,0.00,0.25
3037,60,0.00,0.25
3057,60,0.00,0.25
3088,59,0.00,0.25
3139,58,0.00,0.25
3155,58,0.00,0.25
3187,58,0.00,0.25
3224,57,0.00,0.25
3250,57,0.00,0.25
3275,57,0.00,0.25
3297,56,0.00,0.25
3344,55,0.00,0.25
3369,55,0.00,0.25
3405,54,0.00,0.25
3421,55,0.00,0.25
3456,56,0.00,0.25
3495,58,0.00,0.25
3528,58,0.00,0.25
3582,58,0.00,0.25
3604,57,0.00,0.25
3640,57,0.00,0.25
3681,58,0.00,0.25
3714,58,0.00,0.25
3768,58,0.00,0.25
3802,58,0.00,0.25
3856,60,0.00,0.25
3896,61,0.00,0.25
2876,51,0.00,0.25
2886,54,0.00,0.25
2899,58,0.00,0.25
2917,59,0.00,0.25
2933,60,0.00,0.25
2951,60,0.00,0.25
2982,61,0.00,0.25
2996,66,0.00,0.25
3015,67,0.00,0.25
3029,66,0.00,0.25
3052,66,0.00,0.25
3075,66,0.00,0.25
3083,66,0.00,0.25
3115,65,0.00,0.25
3127,64,0.00,0.25
3156,64,0.00,0.25
3180,64,0.00,0.25
3203,63,0.00,0.25
3223,63,0.00,0.25
3237,63,0.00,0.25
3265,62,0.00,0.25
3285,63,0.00,0.25
3309,62,0.00,0.25
3325,61,0.00,0.25
3338,62,0.00,0.25
3364,60,0.00,0.25
3377,61,0.00,0.25
3401,60,0.00,0.25
3415,60,0.00,0.25
3426,60,0.00,0.25
3453,60,0.00,0.25
3473,59,0.00,0.25
3491,58,0.00,0.25
3505,59,0.00,0.25
3522,58,0.00,0.25
3535,58,0.00,0.25
3561,58,0.00,0.25
3568,58,0.00,0.25
3584,58,0.00,0.25
3608,58,0.00,0.25
3632,57,0.00,0.25
3635,57,0.00,0.25
3659,58,0.00,0.25
3676,58,0.00,0.25
3689,58,0.00,0.25
3708,57,0.00,0.25
3724,57,0.00,0.25
3744,58,0.00,0.25
3768,59,0.00,0.25
3786,60,0.00,0.25
3818,61,0.00,0.25
3831,61,0.00,0.25
3852,62,0.00,0.25
3874,61,0.00,0.25
3892,61,0.00,0.25
3908,63,0.00,0.25
3927,63,0.00,0.25
3938,63,0.00,0.25
3967,66,0.00,0.25
3983,66,0.00,0.25
4001,68,0.00,0.25
4021,72,0.00,0.25
3211,65,0.00,0.25
3236,66,0.00,0.25
3237,67,0.00,0.25
3254,66,0.00,0.25
3259,66,0.00,0.25
3279,66,0.00,0.25
3292,66,0.00,0.25
3297,66,0.00,0.25
3314,66,0.00,0.25
3332,66,0.00,0.25
3338,65,0.00,0.25
3346,65,0.00,0.25
3359,65,0.00,0.25
3368,64,0.00,0.25
3387,63,0.00,0.25
3392,64,0.00,0.25
3404,64,0.00,0.25
3416,64,0.00,0.25
3424,63,0.00,0.25
3434,64,0.00,0.25
3439,64,0.00,0.25
3448,64,0.00,0.25
3471,64,0.00,0.25
3463,63,0.00,0.25
3483,64,0.00,0.25
3479,64,0.00,0.25
3496,64,0.00,0.25
3503,64,0.00,0.25
3509,63,0.00,0.25
3513,63,0.00,0.25
3528,63,0.00,0.25
3536,63,0.00,0.25
3551,63,0.00,0.25
3554,63,0.00,0.25
3567,62,0.00,0.25
3575,63,0.00,0.25
3577,63,0.00,0.25
3596,62,0.00,0.25
3606,62,0.00,0.25
3614,62,0.00,0.25
3623,62,0.00,0.25
3622,62,0.00,0.25
3635,62,0.00,0.25
3647,62,0.00,0.25
3652,61,0.00,0.25
3657,61,0.00,0.25
3672,62,0.00,0.25
3675,61,0.00,0.25
3687,61,0.00,0.25
3695,61,0.00,0.25
3709,61,0.00,0.25
3710,61,0.00,0.25
3726,62,0.00,0.25
3737,62,0.00,0.25
3742,62,0.00,0.25
3751,62,0.00,0.25
3761,61,0.00,0.25
3772,61,0.00,0.25
3780,61,0.00,0.25
3829,46,0.00,0.25
2993,51,0.00,0.25
2993,52,0.00,0.25
2995,55,0.00,0.25
2989,56,0.00,0.25
3000,58,0.00,0.25
3002,60,0.00,0.25
3003,62,0.00,0.25
3008,62,0.00,0.25
3004,66,0.00,0.25
3017,70,0.00,0.25
3006,71,0.00,0.25
3012,71,0.00,0.25
3007,70,0.00,0.25
3005,71,0.00,0.25
3008,72,0.00,0.25
3012,73,0.00,0.25
3014,72,0.00,0.25
3013,73,0.00,0.25
3019,73,0.00,0.25
3014,73,0.00,0.25
3029,72,0.00,0.25
3026,73,0.00,0.25
3032,73,0.00,0.25
3035,73,0.00,0.25
3042,72,0.00,0.25
3047,72,0.00,0.25
3052,72,0.00,0.25
3056,72,0.00,0.25
3060,72,0.00,0.25
3067,72,0.00,0.25
3071,72,0.00,0.25
3075,72,0.00,0.25
3083,71,0.00,0.25
3086,72,0.00,0.25
3092,71,0.00,0.25
3091,72,0.00,0.25
3105,71,0.00,0.25
3102,71,0.00,0.25
3109,71,0.00,0.25
3114,71,0.00,0.25
3120,72,0.00,0.25
3124,71,0.00,0.25
3125,70,0.00,0.25
3135,71,0.00,0.25
3134,71,0.00,0.25
3146,70,0.00,0.25
3147,70,0.00,0.25
3155,70,0.00,0.25
3160,70,0.00,0.25
3167,70,0.00,0.25
3170,70,0.00,0.25
3173,70,0.00,0.25
3172,70,0.00,0.25
3185,70,0.00,0.25
3190,70,0.00,0.25
3189,70,0.00,0.25
3198,70,0.00,0.25
1667,50,0.00,0.25
1103,51,0.00,0.25
3247,42,0.00,0.25
3248,35,0.00,0.25
3240,33,0.00,0.25
3226,28,0.00,0.25
3178,21,0.00,0.25
3085,20,0.00,0.25
3222,19,0.00,0.25
3174,19,0.00,0.25
2965,49,0.00,0.25
1706,49,0.00,0.25
